;;;;;;;;;;;;;;;;;;;;;;;;;;;;;;;STOP
;;;;;;Tableau récapitulatif des résultats obtenus lors du criblage de la banque de Transaminases TAM (Activités en U/mL);;;;;;;;;;;;;;;;;;;;;;;;;STOP
;;;;;;;;;;;;;;;;;;;;;;;;;;;;;;;STOP
;;;;;;;;;;;;;L-Glutamate;;;;;;;;;;;;;;;;;;STOP
;;;;;;Nom des substrats accepteurs (nomenclature IUPAC);;;;;;;Oxoacetic Acid;2-Oxopropanoic Acid;2-OxoPentanoic Acid;2-OxoHexanoic Acid;4-(Methylthio)-2-oxobutanoic Acid;4-Methyl-2-oxopentanoic Acid;3,3-Dimethyl-2-oxobutanoic acid;2-Oxo-2-phenylacetic Acid;2-Oxo-4-phenylbutanoic Acid;3-Hydroxy-2-oxopropanoic Acid;3-Hydroxy-2-oxobutanoic Acid;3-Hydroxy-4-methyl-2-oxopentanoic Acid;3-Hydroxy-2-oxo-3-phenylpropanoic Acid;4-Hydroxy-2-oxopentanoic Acid;4-Hydroxy-2-oxo-4-phenylbutanoic Acid;3,4,5,6-Tetrahydroxy-2-oxohexanoic Acid;3,3-Dimethyl-2-oxopentanedioic Acid;Sans Cetoacide;STOP
;;;;;;Pureté;;;;;;;100%;100%;100%;100%;100%;100%;100%;100%;100%;100%;100%;100%;100%;72%;53%;100%;100%;---;STOP
;;;;;;Contaminants majeurs (% molaire);;;;;;;---;---;---;---;---;---;---;---;---;---;---;---;---;16% Pyruvate + 12% Prod. Deshydraté;25% Pyruvate + 22% Prod. Deshydraté;---;---;---;STOP
;;;;;;Abréviations;;;;;;;2OATA;Pyr;2OPAA;2OHAA;4MT2OB;MOPA;tMePyr;2O2PAA;2O4PBA;HPA;3H2OBA;BOHiPr;BOHPh;4H2OA;4H4PA;2KDGA;3,3diMe;NoCeto;STOP
;;;;;;;;;;;;;;;;;;;;;;;;;;;;;;;STOP
;;;;;;;Valeur de la moyenne d'activité mesurée : ;;;;;;0,013;0,053;0,014;0,062;0,096;0,014;0,007;0,007;0,052;0,003;0,007;0,007;0,007;0,027;0,050;0,007;0,007;0,006;
;;;;;;;Valeur de l'écart-type de l'activité mesurée : ;;;;;;0,002;0,003;0,002;0,003;0,006;0,002;0,003;0,003;0,004;0,003;0,003;0,002;0,002;0,002;0,004;0,002;0,002;0,002;
;;;;;;;Variabilité  de la mesure (?/µ) :;;;;;;17%;6%;14%;5%;6%;11%;36%;36%;8%;91%;39%;34%;34%;8%;7%;32%;37%;38%;
;;;;;;;"Valeur du seuil de sélection à ""2 Sigma"" de confiance : ";;;;;;0,020;0,080;0,021;0,092;0,144;0,021;0,012;0,013;0,078;0,009;0,013;0,012;0,011;0,040;0,075;0,011;0,011;0,011;
;;;;;;;"Valeur du seuil de sélection à ""3 Sigma"" de confiance : ";;;;;;0,024;0,094;0,025;0,108;0,168;0,025;0,015;0,016;0,091;0,012;0,016;0,014;0,014;0,047;0,087;0,013;0,014;0,013;
;;;;;;;;;;;;;;;;;;;;;;;;;;;;;;;
;;;;;;;Acc. Number;Annotation;TAM Ref.;Bradford (mg/mL);Induction (Gel);Expression (Gel);;;;;;;;;;;;;;;;;;;
;;;;;;;;;;;;;;;;;;;;;;;;;;;;;;;
;;;;;;;C7RAM1;Phosphoserine aminotransferaseUniRule annotation;A2F5;2,894;+;+;0,80;0,70;0,03;0,10;0,12;0,02;0,02;0,01;0,06;0,00;0,02;0,01;0,01;0,09;0,36;0,01;0,01;0,01;
;;;;;;;P44336;Phosphoserine aminotransferaseUniRule annotation;A1E12;2,225;+;+;2,72;0,52;0,13;0,10;0,35;0,03;0,01;0,01;0,07;-0,01;0,03;0,01;0,01;0,14;0,26;0,01;0,01;0,01;
;;;;;;;Q7VLP0;Phosphoserine aminotransferaseUniRule annotation;A1G2;1,423;+;+;1,10;0,91;0,24;0,21;0,39;0,06;0,01;0,01;0,08;0,00;0,03;0,02;0,02;0,19;0,54;0,01;0,02;0,01;
;;;;;;;Q5QZ48;Phosphoserine aminotransferaseUniRule annotation;A4A11;2,794;+;+;0,55;0,24;0,11;0,07;0,16;0,03;0,01;0,01;0,08;0,00;0,02;0,01;0,01;0,08;0,20;0,01;0,01;0,01;
;;;;;;;E1STN2;Phosphoserine aminotransferaseUniRule annotation;A5A10;3,753;+;+;0,11;0,07;0,02;0,06;0,12;0,02;0,01;0,02;0,06;0,00;0,01;0,01;0,01;0,04;0,06;0,01;0,01;0,01;
;;;;;;;C4LEG2;Phosphoserine aminotransferaseUniRule annotation;A2E9;6,528;+;+;1,33;0,19;0,08;0,12;0,18;0,05;0,02;0,01;0,06;0,03;0,02;0,02;0,02;0,09;0,11;0,01;0,01;0,02;
;;;;;;;Q15T03;Phosphoserine aminotransferaseUniRule annotation;A3G11;3,315;+;+;0,05;0,05;0,01;0,05;0,09;0,01;0,01;0,01;0,05;0,00;0,00;0,01;0,01;0,02;0,05;0,00;0,01;0,01;
;;;;;;;Q482G6;Phosphoserine aminotransferaseUniRule annotation;A1F6;2,923;+;+;0,03;0,05;0,02;0,06;0,10;0,01;0,01;0,01;0,05;0,00;0,01;0,01;0,01;0,03;0,05;0,01;0,01;0,01;
;;;;;;;Q3ILA3;Phosphoserine aminotransferaseUniRule annotation;A4A3;5,806;+;+;0,53;0,15;0,07;0,08;0,15;0,03;0,01;0,01;0,07;0,00;0,01;0,01;0,01;0,07;0,12;0,01;0,01;0,01;
;;;;;;;Q12MU6;Phosphoserine aminotransferaseUniRule annotation;A3G7;2,505;+;+;0,13;0,08;0,02;0,06;0,10;0,02;0,01;0,01;0,05;0,00;0,01;0,01;0,01;0,03;0,06;0,01;0,01;0,01;
;;;;;;;A3QEB8;Phosphoserine aminotransferaseUniRule annotation;A2A9;3,357;+;+;0,01;0,04;0,02;0,10;0,11;0,03;0,01;0,01;0,06;0,00;0,01;0,01;0,01;0,03;0,05;0,01;0,00;0,01;
;;;;;;;A8FVN8;Phosphoserine aminotransferaseUniRule annotation;A2B7;2,998;+;+;0,21;0,09;0,03;0,09;0,12;0,02;0,01;0,01;0,06;0,00;0,01;0,01;0,01;0,05;0,07;0,00;0,00;0,01;
;;;;;;;Q5E6F2;Phosphoserine aminotransferaseUniRule annotation;A1F11;3,504;+;+;0,64;0,09;0,03;0,06;0,12;0,02;0,01;0,00;0,06;0,00;0,01;0,01;0,01;0,04;0,06;0,00;0,01;0,01;
;;;;;;;B8KB67;Phosphoserine aminotransferaseUniRule annotation;A2E3;2,362;-;-;0,01;0,04;0,02;0,10;0,11;0,04;0,01;0,02;0,05;0,00;0,01;0,02;0,01;0,03;0,05;0,01;0,01;0,01;
;;;;;;;B2VC80;Phosphoserine aminotransferaseUniRule annotation;A2C7;3,936;+;+;0,62;0,35;0,06;0,13;0,19;0,04;0,01;0,01;0,07;0,00;0,03;0,01;0,01;0,08;0,22;0,01;0,01;0,01;
;;;;;;;Q2NUB0;Phosphoserine aminotransferaseUniRule annotation;A3H4;1,316;+;-;0,02;0,04;0,01;0,05;0,09;0,01;0,01;0,01;0,04;0,00;0,01;0,01;0,01;0,03;0,05;0,01;0,01;0,01;
;;;;;;;B6XBX6;Phosphoserine aminotransferaseUniRule annotation;A2D5;4,659;+;+;0,71;0,61;0,04;0,11;0,16;0,02;0,01;0,01;0,07;0,00;0,02;0,01;0,01;0,08;0,31;0,01;0,01;0,01;
;;;;;;;Q8RLW0;Phosphoserine aminotransferaseUniRule annotation;A4B4;7,498;+;+;1,84;0,54;0,10;0,09;0,23;0,04;0,02;0,04;0,07;0,00;0,03;0,03;0,02;0,09;0,26;0,01;0,01;0,01;
;;;;;;;A4G865;Phosphoserine aminotransferaseUniRule annotation;A2A11;1,824;+;+;1,47;0,39;0,05;0,11;0,13;0,05;0,01;0,01;0,07;0,00;0,02;0,01;0,01;0,06;0,19;0,01;0,01;0,01;
;;;;;;;C6WVF0;Phosphoserine aminotransferaseUniRule annotation;A2F2;4,959;+;+;2,73;0,49;0,02;0,10;0,15;0,02;0,01;0,01;0,07;0,01;0,02;0,01;0,01;0,08;0,33;0,01;0,01;0,01;
;;;;;;;F5Y560;Phosphoserine aminotransferaseUniRule annotation;A5B12;1,653;-;-;0,02;0,07;0,04;0,14;0,25;0,02;0,01;0,00;0,20;0,00;0,01;0,01;0,15;0,03;0,23;0,00;0,01;0,01;
;;;;;;;A9IJI3;Phosphoserine aminotransferaseUniRule annotation;A4D3;4,41;+;+;0,75;0,15;0,02;0,06;0,12;0,01;0,01;0,03;0,06;0,00;0,01;0,02;0,01;0,04;0,09;0,00;0,01;0,01;
;;;;;;;D8NM22;Phosphoserine aminotransferaseUniRule annotation;A5A6;4,866;-;-;0,02;0,05;0,02;0,06;0,12;0,02;0,01;0,01;0,06;0,00;0,01;0,01;0,01;0,03;0,05;0,01;0,01;0,01;
;;;;;;;Q1LQH5;Phosphoserine aminotransferaseUniRule annotation;A5D10;5,486;+;+;2,46;0,99;0,06;0,11;0,17;0,06;0,02;0,01;0,07;0,07;0,03;0,02;0,02;0,09;0,41;0,01;0,02;0,01;
;;;;;;;B2JF00;Phosphoserine aminotransferaseUniRule annotation;A4D10;3,363;+;+;0,75;0,15;0,06;0,11;0,10;0,09;0,01;0,00;0,05;0,00;0,00;0,04;0,01;0,03;0,07;0,00;0,01;0,01;
;;;;;;;Q21Y51;Phosphoserine aminotransferaseUniRule annotation;A5D11;2,59;-;-;0,15;0,08;0,01;0,05;0,10;0,02;0,01;0,00;0,05;0,00;0,01;0,01;0,01;0,03;0,05;0,01;0,01;0,01;
;;;;;;;B7X3V3;Phosphoserine aminotransferaseUniRule annotation;A4E3;4,214;+;+;1,82;0,98;0,04;0,07;0,21;0,02;0,02;0,07;0,07;0,03;0,02;0,01;0,01;0,11;0,37;0,01;0,01;0,01;
;;;;;;;E6V6N4;Phosphoserine aminotransferaseUniRule annotation;A5B7;2,828;-;-;0,04;0,05;0,01;0,05;0,10;0,01;0,01;0,00;0,05;0,00;0,00;0,01;0,01;0,03;0,07;0,00;0,01;0,01;
;;;;;;;B7J6V1;Phosphoserine aminotransferaseUniRule annotation;A2D10;2,656;+;-;0,13;0,05;0,01;0,09;0,11;0,01;0,01;0,01;0,06;0,00;0,00;0,01;0,01;0,03;0,05;0,00;0,00;0,01;
;;;;;;;Q1H0N2;Phosphoserine aminotransferaseUniRule annotation;A3G12;2,325;+;+;2,51;0,26;0,03;0,06;0,12;0,01;0,00;0,00;0,05;0,00;0,01;0,01;0,01;0,05;0,14;0,00;0,00;0,00;
;;;;;;;Q2Y6Y9;Phosphoserine aminotransferaseUniRule annotation;A3H6;1,363;+;-;0,10;0,06;0,01;0,05;0,09;0,01;0,01;0,01;0,04;0,00;0,01;0,01;0,01;0,03;0,05;0,01;0,01;0,01;
;;;;;;;Q3SK88;Phosphoserine aminotransferaseUniRule annotation;A5E9;4,186;+;+;0,52;0,28;0,03;0,07;0,13;0,02;0,01;0,01;0,06;0,01;0,01;0,01;0,02;0,05;0,15;0,01;0,01;0,01;
;;;;;;;B9Z0S8;Phosphoserine aminotransferaseUniRule annotation;A4E8;1,013;-;-;0,01;0,03;0,01;0,05;0,08;0,01;0,01;0,01;0,04;0,01;0,01;0,01;0,01;0,03;0,04;0,01;0,01;0,01;
;;;;;;;G4SWG4;Phosphoserine aminotransferaseUniRule annotation;A3D12;0,777;+;+;0,14;0,05;0,02;0,05;0,10;0,02;0,01;0,01;0,05;0,00;0,00;0,01;0,01;0,03;0,05;0,00;0,01;0,01;
;;;;;;;Q3JEP1;Phosphoserine aminotransferaseUniRule annotation;A4A4;3,96;+;+;0,11;0,05;0,02;0,06;0,11;0,02;0,01;0,01;0,06;0,00;0,00;0,01;0,01;0,03;0,05;0,00;0,01;0,01;
;;;;;;;D0L0E9;Phosphoserine aminotransferaseUniRule annotation;A2F11;1,734;-;-;0,45;0,06;0,02;0,09;0,10;0,02;0,01;0,02;0,05;0,00;0,01;0,01;0,01;0,03;0,05;0,00;0,00;0,01;
;;;;;;;B3EK64;Phosphoserine aminotransferaseUniRule annotation;A2C8;3,361;+;+;0,03;0,05;0,48;0,35;0,43;0,38;0,05;0,41;0,22;0,00;0,04;0,35;0,13;0,11;0,08;0,01;0,01;0,01;
;;;;;;;I3BN96;Phosphoserine aminotransferaseUniRule annotation;A3F5;1,947;+;+;0,52;0,13;0,02;0,05;0,10;0,01;0,01;0,01;0,05;0,00;0,01;0,01;0,01;0,04;0,09;0,01;0,01;0,01;
;;;;;;;D3RUQ1;Phosphoserine aminotransferaseUniRule annotation;A4H2;4,963;+;+;1,55;0,17;0,02;0,07;0,11;0,02;0,01;0,01;0,06;0,00;0,01;0,01;0,01;0,04;0,09;0,01;0,01;0,01;
;;;;;;;A1WUJ4;Phosphoserine aminotransferaseUniRule annotation;A4C4;5,173;+;+;1,81;0,30;0,03;0,07;0,12;0,03;0,01;0,01;0,06;0,00;0,01;0,01;0,01;0,05;0,18;0,01;0,01;0,01;
;;;;;;;Q0AA59;Phosphoserine aminotransferaseUniRule annotation;A5D1;0,836;-;-;0,01;0,04;0,01;0,05;0,09;0,01;0,01;0,01;0,05;0,00;0,00;0,01;0,01;0,02;0,05;0,00;0,01;0,01;
;;;;;;;E1V3C5;Phosphoserine aminotransferaseUniRule annotation;A5A11;3,768;+;+;1,00;0,11;0,02;0,06;0,11;0,02;0,01;0,01;0,06;0,00;0,01;0,01;0,01;0,04;0,09;0,01;0,01;0,01;
;;;;;;;Q4FSW9;Phosphoserine aminotransferaseUniRule annotation;A4A7;7,607;+;+;2,20;0,94;0,11;0,11;0,31;0,04;0,02;0,04;0,08;0,10;0,03;0,01;0,02;0,16;0,46;0,02;0,02;0,01;
;;;;;;;D4XSF3;Phosphoserine aminotransferaseUniRule annotation;A1D7;1,314;-;+;0,03;0,05;0,01;0,05;0,09;0,01;0,01;0,00;0,05;0,00;0,00;0,01;0,01;0,02;0,05;0,00;0,01;0,01;
;;;;;;;Q88M07;Phosphoserine aminotransferaseUniRule annotation;A5F6;4,903;+;+;0,17;0,07;0,02;0,06;0,11;0,02;0,02;0,01;0,05;0,00;0,01;0,03;0,02;0,04;0,07;0,01;0,02;0,01;
;;;;;;;A1TZE5;Phosphoserine aminotransferaseUniRule annotation;A2A1;2,586;+;+;1,34;0,22;0,01;0,09;0,12;0,01;0,01;0,01;0,06;-0,01;0,01;0,01;0,01;0,05;0,13;0,00;0,00;0,00;
;;;;;;;Q0VNQ0;Phosphoserine aminotransferaseUniRule annotation;A3G6;1,935;-;-;0,09;0,06;0,02;0,06;0,10;0,02;0,01;0,01;0,05;0,00;0,01;0,01;0,01;0,03;0,05;0,01;0,01;0,01;
;;;;;;;Q1N5G0;Phosphoserine aminotransferaseUniRule annotation;A3H1;2,348;+;+;1,93;0,52;0,03;0,07;0,14;0,02;0,01;0,02;0,06;0,00;0,02;0,02;0,02;0,09;0,28;0,01;0,01;0,01;
;;;;;;;A4AAR4;Phosphoserine aminotransferaseUniRule annotation;A4C9;3,637;-;-;0,05;0,04;0,02;0,06;0,10;0,02;0,01;0,01;0,05;0,00;0,00;0,01;0,01;0,03;0,05;0,00;0,01;0,01;
;;;;;;;Q31GD6;Phosphoserine aminotransferaseUniRule annotation;A3H7;4,069;+;+;1,35;1,12;0,13;0,13;0,41;0,05;0,02;0,01;0,08;0,09;0,09;0,03;0,03;0,20;0,63;0,02;0,02;0,02;
;;;;;;;Q8PA97;Phosphoserine aminotransferaseUniRule annotation;A5F9;3,888;+;+;1,76;0,50;0,07;0,08;0,17;0,03;0,02;0,01;0,06;0,01;0,02;0,02;0,02;0,07;0,21;0,01;0,01;0,01;
;;;;;;;H8L4H6;Phosphoserine aminotransferaseUniRule annotation;A5C6;3,971;+;+;0,97;0,71;0,10;0,07;0,21;0,02;0,01;0,03;0,06;0,01;0,02;0,02;0,01;0,11;0,30;0,01;0,01;0,01;
;;;;;;;D7UEY1;Phosphoserine aminotransferaseUniRule annotation;A3A6;2,078;+;+;1,06;0,33;0,01;0,06;0,10;0,01;0,01;0,01;0,05;0,00;0,01;0,01;0,01;0,04;0,15;0,01;0,01;0,01;
;;;;;;;A4YHC7;Aminotransferase, class V;A2B1;0,916;-;-;0,08;0,07;0,01;0,08;0,10;0,01;0,01;0,00;0,05;0,00;0,01;0,00;0,01;0,03;0,05;0,00;0,00;0,01;
;;;;;;;Q4J926;Serine-glyoxylate aminotransferase;A1F9;1,522;-;-;0,17;0,07;0,02;0,06;0,10;0,01;0,01;0,01;0,05;0,01;0,01;0,01;0,02;0,03;0,06;0,01;0,01;0,01;
;;;;;;;Q97ZK0;Soluble hydrogenase, small subunit;A1G8;1,382;-;-;0,08;0,05;0,01;0,05;0,09;0,01;0,01;0,01;0,05;0,00;0,01;0,01;0,01;0,03;0,05;0,01;0,01;0,01;
;;;;;;;Q6L246;Serine--pyruvate aminotransferase;A1G1;1,349;+;-;0,01;0,04;0,01;0,06;0,10;0,01;0,01;0,00;0,05;0,00;0,01;0,01;0,01;0,03;0,05;0,01;0,01;0,01;
;;;;;;;A3DM00;Aminotransferase, class V;A2A7;2,613;-;-;0,02;0,05;0,01;0,09;0,11;0,01;0,01;0,01;0,06;0,00;0,01;0,01;0,01;0,03;0,06;0,00;0,00;0,01;
;;;;;;;C6A4S5;Transaminase;A2E11;1,915;-;+;0,06;0,07;0,05;0,12;0,13;0,05;0,01;0,04;0,06;0,00;0,01;0,01;0,02;0,04;0,08;0,00;0,01;0,01;
;;;;;;;B5ID09;Aminotransferase class V;A2D3;1,871;-;-;0,01;0,04;0,01;0,08;0,10;0,01;0,01;0,00;0,05;0,00;0,00;0,01;0,01;0,02;0,05;0,00;0,00;0,01;
;;;;;;;I0I8C1;Putative aminotransferase;A5C10;3,81;+;+;0,10;0,14;0,02;0,06;0,11;0,02;0,01;0,01;0,06;0,01;0,01;0,01;0,01;0,04;0,09;0,01;0,01;0,01;
;;;;;;;D2RGW7;Aminotransferase class V;A2G5;1,978;-;-;0,03;0,05;0,01;0,09;0,10;0,01;0,01;0,01;0,06;0,00;0,01;0,01;0,01;0,03;0,06;0,01;0,01;0,01;
;;;;;;;O28855;Aspartate aminotransferase (AspC);A3F11;2,034;-;-;0,09;0,09;0,01;0,05;0,09;0,01;0,01;0,00;0,05;0,00;0,01;0,01;0,01;0,04;0,13;0,01;0,01;0,01;
;;;;;;;A0B797;L-aspartate aminotransferase apoenzyme / phosphoserine aminotransferase apoenzyme;A1H3;1,062;-;-;0,01;0,04;0,01;0,05;0,08;0,01;0,01;0,01;0,05;0,00;0,00;0,01;0,01;0,02;0,05;0,00;0,01;0,01;
;;;;;;;D7E903;Aminotransferase class V;A1D11;1,439;-;-;0,01;0,04;0,01;0,05;0,09;0,01;0,01;0,00;0,05;0,00;0,01;0,01;0,01;0,02;0,05;0,00;0,01;0,01;
;;;;;;;Q8TPT9;Aspartate aminotransferase;A4B6;3,894;-;-;0,02;0,04;0,02;0,06;0,10;0,02;0,01;0,01;0,05;0,00;0,00;0,01;0,01;0,03;0,05;0,00;0,01;0,01;
;;;;;;;D5EBT1;Aminotransferase class V;A2G12;0,783;+;-;0,01;0,03;0,01;0,06;0,08;0,01;0,00;0,00;0,04;0,00;0,00;0,00;0,00;0,02;0,04;0,00;0,00;0,00;
;;;;;;;Q12YI0;Aminotransferase, class V;A3G10;1,154;+;-;0,02;0,05;0,03;0,07;0,10;0,03;0,01;0,01;0,05;0,00;0,01;0,02;0,01;0,03;0,05;0,01;0,01;0,01;
;;;;;;;A2SPX8;Aminotransferase, class V;A2A4;1,932;+;-;0,01;0,04;0,01;0,08;0,10;0,01;0,01;0,00;0,06;0,00;0,00;0,01;0,01;0,02;0,05;0,00;0,00;0,01;
;;;;;;;E1RFU3;Aminotransferase class V;A3B3;0,654;-;-;0,01;0,05;0,01;0,04;0,09;0,01;0,01;0,00;0,05;0,00;0,00;0,01;0,01;0,02;0,04;0,00;0,00;0,00;
;;;;;;;D1YYK5;Aspartate aminotransferase;A2G1;1,448;+;+;0,11;0,04;0,01;0,08;0,10;0,01;0,01;0,01;0,05;0,01;0,01;0,01;0,01;0,03;0,08;0,01;0,01;0,01;
;;;;;;;A6US03;Serine--pyruvate transaminase;A1A9;2,345;+;-;0,01;0,05;0,01;0,06;0,10;0,01;0,01;0,00;0,06;0,00;0,00;0,01;0,01;0,03;0,05;0,00;0,01;0,01;
;;;;;;;Q58369;Uncharacterized aminotransferase MJ0959 (EC:2.6.1.-);A1F10;2,681;-;+;0,03;0,05;0,02;0,07;0,10;0,02;0,01;0,01;0,05;0,00;0,01;0,01;0,02;0,03;0,06;0,01;0,01;0,01;
;;;;;;;D9PU99;Predicted aminotransferase;A3A9;1,335;-;-;0,01;0,05;0,02;0,05;0,10;0,01;0,01;0,01;0,05;0,00;0,01;0,01;0,01;0,03;0,05;0,00;0,01;0,01;
;;;;;;;A5UL04;Aspartate aminotransferase;A1A7;2,831;-;-;0,02;0,04;0,01;0,06;0,10;0,01;0,01;0,00;0,06;0,00;0,01;0,01;0,01;0,03;0,07;0,00;0,01;0,01;
;;;;;;;D3E0L9;Aminotransferase class V family;A2G6;-0,019;-;-;-0,02;0,03;-0,04;0,03;0,05;-0,02;0,01;0,00;0,05;-0,03;-0,02;0,00;0,01;-0,01;0,01;-0,04;0,00;0,01;
;;;;;;;Q8TXM9;Aspartate aminotransferase;A5F12;3,141;-;-;0,01;0,04;0,01;0,05;0,09;0,02;0,01;0,00;0,05;0,00;0,00;0,01;0,01;0,02;0,05;0,00;0,01;0,00;
;;;;;;;D9TM69;Aminotransferase class V;A3A12;0,717;-;-;0,02;0,05;0,01;0,05;0,10;0,01;0,01;0,00;0,05;0,00;0,00;0,01;0,01;0,02;0,05;0,00;0,01;0,01;
;;;;;;;B9MLX8;Aminotransferase class V;A1C5;2,529;+;+;0,03;0,05;0,01;0,05;0,09;0,01;0,01;0,00;0,05;0,00;0,00;0,01;0,01;0,02;0,05;0,00;0,01;0,01;
;;;;;;;B8I045;Aminotransferase class V;A1C3;1,406;-;-;0,01;0,04;0,01;0,05;0,09;0,01;0,01;0,00;0,05;0,00;0,00;0,01;0,01;0,02;0,06;0,00;0,01;0,01;
;;;;;;;F4A0I8;Phosphoserine aminotransferase apoenzyme L-aspartate aminotransferase apoenzyme;A3C8;1,092;-;-;0,03;0,05;0,01;0,05;0,09;0,01;0,01;0,01;0,05;0,00;0,00;0,01;0,01;0,02;0,04;0,00;0,01;0,01;
;;;;;;;Q1AXS4;Phosphoserine aminotransferase / L-aspartate aminotransferase;A5D6;1,343;-;-;0,01;0,04;0,01;0,04;0,09;0,01;0,01;0,01;0,05;0,00;0,00;0,01;0,01;0,02;0,04;0,01;0,01;0,01;
;;;;;;;C9RA77;Aminotransferase class V;A4G2;1,778;+;+;0,07;0,06;0,02;0,05;0,09;0,01;0,01;0,01;0,05;0,01;0,01;0,01;0,01;0,03;0,08;0,01;0,01;0,01;
;;;;;;;F6B3V8;Serine--glyoxylate transaminase;A3C9;2,393;+;+;1,54;0,24;0,07;0,07;0,13;0,02;0,01;0,01;0,06;0,93;0,04;0,01;0,01;0,10;0,51;0,01;0,01;0,01;
;;;;;;;C8W036;Aminotransferase class V;A2F6;3,665;+;+;0,59;0,27;0,08;0,10;0,18;0,01;0,01;0,01;0,11;0,36;0,03;0,01;0,01;0,09;0,33;0,01;0,01;0,01;
;;;;;;;G6IBF7;Deleted;A3E4;2,644;+;+;0,42;0,15;0,03;0,06;0,15;0,02;0,01;0,01;0,08;0,45;0,04;0,01;0,01;0,08;0,30;0,01;0,01;0,01;
;;;;;;;F6CII1;Serine--glyoxylate transaminase;A3C11;1,471;+;+;0,13;0,08;0,02;0,05;0,11;0,01;0,01;0,00;0,05;0,10;0,04;0,01;0,01;0,07;0,31;0,01;0,01;0,01;
;;;;;;;A5D6D3;Serine-pyruvate aminotransferase/archaeal aspartate aminotransferase;A4C10;3,194;+;+;0,21;0,06;0,02;0,06;0,11;0,02;0,01;0,01;0,06;0,12;0,03;0,01;0,01;0,07;0,33;0,01;0,01;0,01;
;;;;;;;Q3A8Q3;Soluble hydrogenase, 42 kDa subunit;A3H9;2,529;+;+;0,69;0,14;0,03;0,06;0,11;0,02;0,01;0,01;0,05;0,25;0,03;0,01;0,01;0,05;0,15;0,01;0,01;0,01;
;;;;;;;B5YB28;Soluble hydrogenase, small subunit;A1B6;3,141;+;+;0,26;0,12;0,03;0,06;0,13;0,01;0,01;0,00;0,06;0,02;0,01;0,01;0,01;0,03;0,10;0,00;0,01;0,01;
;;;;;;;B0JTM3;Soluble hydrogenase 42 kDa subunit;A2C1;1,251;+;+;0,23;0,07;0,02;0,08;0,10;0,01;0,01;0,00;0,06;0,00;0,01;0,00;0,00;0,03;0,09;0,00;0,00;0,01;
;;;;;;;B2J7U0;Aminotransferase, class V;A2C4;2,959;+;+;0,31;0,06;0,02;0,08;0,10;0,01;0,01;0,00;0,06;0,00;0,01;0,01;0,01;0,03;0,09;0,00;0,00;0,01;
;;;;;;;H1WMT3;Putative serine--pyruvate aminotransferase;A3E10;0,682;-;-;0,03;0,05;0,01;0,05;0,09;0,01;0,01;0,01;0,05;0,00;0,01;0,01;0,01;0,02;0,04;0,00;0,01;0,01;
;;;;;;;Q5N2G0;Soluble hydrogenase 42 kD subunit DHSS;A4A10;4,456;+;+;???;???;???;???;???;???;???;???;???;???;???;???;???;???;???;???;???;???;
;;;;;;;A5GPZ1;DHSS soluble hydrogenase, small subunit;A4C11;3,579;-;-;0,02;0,04;0,02;0,06;0,11;0,02;0,01;0,01;0,06;0,00;0,01;0,01;0,01;0,03;0,07;0,01;0,01;0,01;
;;;;;;;Q2RMI0;Serine--glyoxylate transaminase;A5D12;2,89;-;-;0,32;0,06;0,01;0,05;0,10;0,01;0,01;0,01;0,05;0,00;0,01;0,01;0,01;0,03;0,05;0,01;0,01;0,01;
;;;;;;;A1HUC4;Serine--glyoxylate transaminase;A4C2;4,69;+;+;3,02;0,67;0,09;0,07;0,24;0,02;0,01;0,01;0,12;2,24;0,05;0,01;0,01;0,11;0,45;0,01;0,01;0,01;
;;;;;;;B0TAQ7;Soluble hydrogenase, small (42 kd) subunit, putative;A4D4;4,158;+;+;0,01;0,04;0,01;0,05;0,09;0,01;0,01;0,01;0,05;0,00;0,00;0,01;0,01;0,02;0,04;0,00;0,01;0,01;
;;;;;;;D7CIF2;Aminotransferase class V;A3A1;1,144;-;-;0,01;0,05;0,01;0,05;0,09;0,01;0,01;0,00;0,05;0,00;0,00;0,00;0,01;0,02;0,04;0,00;0,00;0,00;
;;;;;;;Q0B0Y7;L-aspartate aminotransferase / phosphoserine aminotransferase;A3G4;1,719;+;-;0,02;0,04;0,06;0,09;0,12;0,05;0,01;0,04;0,05;0,00;0,01;0,02;0,01;0,04;0,05;0,01;0,01;0,01;
;;;;;;;B8CX86;L-aspartate aminotransferasephosphoserine aminotransferase;A1C1;0,852;-;-;0,01;0,04;0,01;0,05;0,09;0,01;0,00;0,00;0,05;0,00;0,00;0,01;0,01;0,02;0,05;0,00;0,00;0,01;
;;;;;;;D9QSC2;Aminotransferase class V;A1E2;1,517;+;+;0,01;0,04;0,01;0,05;0,09;0,01;0,01;0,01;0,05;0,00;0,01;0,01;0,01;0,02;0,04;0,00;0,01;0,01;
;;;;;;;F4LWW0;Alanine--glyoxylate transaminase;A1E9;2,135;-;-;0,05;0,19;0,03;0,06;0,18;0,02;0,02;0,01;0,07;0,01;0,02;0,01;0,02;0,10;0,32;0,01;0,01;0,00;
;;;;;;;G2TK93;Aminotransferase class V;A3D11;1,624;+;+;1,02;0,06;0,02;0,06;0,09;0,02;0,01;0,01;0,05;0,00;0,03;0,01;0,01;0,03;0,06;0,01;0,01;0,01;
;;;;;;;Q8EN62;Transaminase;A1G5;1,583;-;+;0,03;0,04;0,02;0,05;0,10;0,01;0,01;0,01;0,05;0,01;0,01;0,01;0,01;0,03;0,05;0,01;0,01;0,01;
;;;;;;;I0JTK0;Aminotransferase;A3F4;2,246;-;-;0,03;0,04;0,01;0,05;0,10;0,01;0,01;0,01;0,05;0,00;0,01;0,01;0,01;0,03;0,06;0,01;0,01;0,01;
;;;;;;;D6TII6;Aminotransferase class V;A4H9;4,192;+;+;0,93;0,07;0,02;0,06;0,11;0,02;0,01;0,01;0,05;0,02;0,01;0,01;0,01;0,03;0,07;0,01;0,01;0,01;
;;;;;;;A2BN48;Serine-pyruvate aminotransferase/archaeal aspartate aminotransferase;A2A3;2,013;-;-;0,01;0,04;0,01;0,08;0,10;0,01;0,01;0,00;0,05;0,00;0,00;0,01;0,01;0,03;0,05;0,00;0,00;0,01;
;;;;;;;Q72L50;Soluble hydrogenase, small subunit;A5H6;2,668;-;-;0,06;0,06;0,02;0,06;0,11;0,02;0,01;0,01;0,04;0,01;0,01;0,01;0,01;0,03;0,07;0,01;0,01;0,01;
;;;;;;;E8V3X0;Aminotransferase class V;A3B12;1,51;+;+;0,02;0,05;0,01;0,05;0,10;0,01;0,01;0,00;0,05;0,00;0,00;0,01;0,01;0,02;0,05;0,00;0,01;0,01;
;;;;;;;B8IYY5;Aminotransferase class V;A4E4;1,941;+;+;0,12;0,10;0,02;0,06;0,11;0,02;0,01;0,01;0,06;0,00;0,01;0,01;0,01;0,08;0,30;0,01;0,01;0,01;
;;;;;;;Q30VQ1;Serine--pyruvate transaminase;A5E3;3,024;-;-;0,01;0,04;0,02;0,05;0,09;0,01;0,01;0,01;0,05;0,01;0,01;0,01;0,01;0,03;0,05;0,01;0,01;0,01;
;;;;;;;Q72ES5;Aminotransferase, class V;A5F2;4,244;-;+;0,32;0,31;0,06;0,07;0,23;0,02;0,01;0,01;0,08;0,06;0,04;0,01;0,02;0,11;0,56;0,01;0,01;0,01;
;;;;;;;H1MPG4;Deleted;A5C4;0,818;-;-;0,01;0,04;0,01;0,04;0,09;0,01;0,01;0,00;0,04;0,00;0,00;0,01;0,01;0,02;0,04;0,00;0,01;0,01;
;;;;;;;A7HJ88;Aminotransferase class V;A2B6;1,864;+;+;0,02;0,04;0,01;0,08;0,10;0,02;0,01;0,01;0,06;0,00;0,01;0,01;0,01;0,03;0,06;0,00;0,00;0,01;
;;;;;;;A6LJ87;Aminotransferase, class V;A1A8;2,88;+;+;0,07;0,10;0,02;0,07;0,11;0,02;0,01;0,01;0,06;0,01;0,01;0,01;0,01;0,04;0,10;0,01;0,01;0,01;
;;;;;;;B9K8T4;Aspartate aminotransferase;A2E4;1,864;-;+;0,26;0,06;0,01;0,07;0,09;0,01;0,01;0,01;0,05;0,02;0,01;0,01;0,01;0,03;0,10;0,01;0,01;0,01;
;;;;;;;F7YWA3;Phosphoserine aminotransferase apoenzyme L-aspartate aminotransferase apoenzyme;A3D6;2,173;+;+;0,02;0,05;0,01;0,05;0,09;0,01;0,01;0,01;0,05;0,00;0,00;0,01;0,01;0,02;0,05;0,00;0,01;0,01;
;;;;;;;C5CIR2;Aminotransferase class V;A2E10;2,879;+;+;1,40;0,63;0,05;0,10;0,13;0,02;0,02;0,01;0,07;1,50;0,03;0,02;0,02;0,13;0,63;0,02;0,01;0,02;
;;;;;;;A9BJ56;Response regulator receiver protein;A1B3;2,007;+;+;0,05;0,05;0,01;0,06;0,10;0,01;0,01;0,00;0,05;0,00;0,00;0,01;0,01;0,03;0,06;0,00;0,01;0,01;
;;;;;;;H2J5D1;Serine-pyruvate aminotransferase/archaeal aspartate aminotransferase;A1E11;1,18;-;-;0,10;0,08;0,02;0,05;0,09;0,01;0,01;0,00;0,05;0,01;0,00;0,01;0,01;0,04;0,14;0,00;0,01;0,00;
;;;;;;;F2NCK0;Serine--glyoxylate transaminase;A3C5;3,096;+;+;0,17;0,07;0,02;0,05;0,10;0,01;0,01;0,00;0,05;0,01;0,01;0,01;0,01;0,06;0,24;0,00;0,01;0,01;
;;;;;;;E1QEV7;Aminotransferase class V;A5A7;8,368;+;+;1,61;0,62;0,10;0,07;0,22;0,02;0,01;0,01;0,10;0,36;0,03;0,01;0,01;0,14;0,61;0,01;0,01;0,01;
;;;;;;;F2LUM7;Serine--glyoxylate transaminase;A3C4;1,035;-;-;0,01;0,05;0,01;0,05;0,09;0,01;0,01;0,01;0,05;0,00;0,00;0,01;0,01;0,02;0,04;0,00;0,01;0,01;
;;;;;;;C0QTX0;Soluble hydrogenase 42 kDa subunit (Tritium exchangesubunit);A1C7;1,727;-;-;0,08;0,06;0,01;0,06;0,09;0,01;0,01;0,00;0,05;0,00;0,01;0,01;0,01;0,03;0,08;0,00;0,01;0,01;
;;;;;;;C1DTY5;Soluble hydrogenase 42 kDa subunit (Tritium exchangesubunit);A1C8;1,758;-;+;0,21;0,07;0,02;0,06;0,10;0,01;0,01;0,01;0,06;0,00;0,01;0,01;0,01;0,04;0,15;0,00;0,01;0,01;
;;;;;;;B5YKK7;Soluble hydrogenase 42 kDa subunit;A1B9;1,721;+;+;0,11;0,09;0,02;0,05;0,10;0,01;0,01;0,00;0,05;0,01;0,01;0,01;0,01;0,07;0,35;0,00;0,01;0,01;
;;;;;;;D4H3T2;Aminotransferase class V;A2G8;1,804;+;+;0,12;0,09;0,02;0,08;0,10;0,01;0,01;0,01;0,05;0,01;0,01;0,01;0,01;0,06;0,26;0,01;0,01;0,01;
;;;;;;;D3PA31;Serine--glyoxylate transaminase;A1D6;1,566;+;+;0,28;0,06;0,02;0,05;0,09;0,01;0,01;0,00;0,05;0,00;0,01;0,01;0,01;0,03;0,08;0,00;0,01;0,01;
;;;;;;;E4TEG0;Aminotransferase class V;A3B7;1,839;-;-;0,04;0,05;0,01;0,05;0,09;0,01;0,01;0,00;0,05;0,00;0,00;0,01;0,01;0,02;0,05;0,00;0,01;0,00;
;;;;;;;B3QYX6;Serine--glyoxylate transaminase;A2C11;2,612;-;+;0,01;0,04;0,05;0,12;0,12;0,07;0,01;0,02;0,06;0,00;0,01;0,01;0,01;0,03;0,05;0,00;0,00;0,01;
;;;;;;;Q8KG98;Aminotransferase, class V;A5F7;3,306;+;+;0,50;0,10;0,02;0,06;0,10;0,02;0,01;0,01;0,05;0,01;0,01;0,01;0,01;0,05;0,17;0,01;0,01;0,01;
;;;;;;;C7NER7;Serine--pyruvate transaminase;A1C12;2,691;+;-;0,03;0,05;0,02;0,06;0,11;0,02;0,01;0,01;0,06;0,00;0,01;0,01;0,01;0,04;0,11;0,00;0,01;0,01;
;;;;;;;D5N2N0;Soluble hydrogenase 42 kDa subunit;A2H2;-0,016;-;-;-0,03;0,03;-0,01;0,04;0,09;-0,01;0,01;0,01;0,05;-0,03;-0,03;0,01;0,01;-0,02;0,02;-0,03;0,00;0,01;
;;;;;;;G7V9J8;Aminotransferase class V;A3E6;1,558;-;-;0,03;0,05;0,02;0,05;0,09;0,02;0,01;0,01;0,05;0,00;0,01;0,01;0,01;0,03;0,05;0,01;0,01;0,01;
;;;;;;;E3D0P7;Phosphoserine aminotransferase apoenzyme L-aspartate aminotransferase apoenzyme;A5B3;1,797;-;-;0,11;0,04;0,01;0,05;0,09;0,01;0,01;0,00;0,05;0,00;0,00;0,01;0,01;0,02;0,04;0,00;0,01;0,01;
;;;;;;;B9R4G0;Aminotransferase, class V superfamily;A2E5;2,345;-;-;0,01;0,04;0,01;0,08;0,10;0,01;0,01;0,01;0,05;0,00;0,01;0,01;0,01;0,03;0,05;0,01;0,01;0,01;
;;;;;;;B2IFI5;Serine--glyoxylate transaminase;A4D7;3,035;-;-;0,02;0,04;0,01;0,05;0,09;0,01;0,01;0,01;0,05;0,00;0,01;0,01;0,01;0,02;0,04;0,00;0,01;0,01;
;;;;;;;A3DC25;Alanine--glyoxylate transaminase;A2A6;1,25;-;-;0,01;0,04;0,01;0,08;0,10;0,01;0,01;0,00;0,05;0,00;0,00;0,01;0,01;0,03;0,05;0,01;0,00;0,01;
;;;;;;;A7HJ89;Putative transcriptional regulator, GntR family;A1A12;1,904;+;+;0,01;0,10;0,80;1,13;0,35;0,67;0,01;0,02;0,42;0,00;0,01;0,04;0,01;0,04;0,08;0,01;0,01;0,01;
;;;;;;;A9BIK9;Putative transcriptional regulator, GntR family;A1B2;1,521;-;-;0,01;0,08;0,04;0,08;0,13;0,04;0,01;0,01;0,06;0,00;0,00;0,07;0,01;0,03;0,05;0,00;0,01;0,01;
;;;;;;;B0VFF3;Putative alanine--glyoxylate aminotransferase (Alanine--glyoxylate transaminase) (Agt);A1B4;2,786;+;-;0,01;0,07;0,06;0,10;0,13;0,06;0,01;0,03;0,10;0,00;0,01;0,05;0,01;0,05;0,07;0,00;0,01;0,01;
;;;;;;;B5Y814;Aminotransferase, class I;A2D4;2,122;-;+;0,03;0,57;0,89;0,88;0,75;0,75;0,02;0,69;0,58;0,00;0,10;0,49;0,03;0,56;0,32;0,01;0,01;0,01;
;;;;;;;Q6L1Q8;Transcriptional regulator, GntR family / aminotransferase class-I;A1F12;1,373;-;-;0,03;0,14;0,11;0,16;0,14;0,09;0,01;0,02;0,09;0,00;0,01;0,04;0,00;0,04;0,06;0,00;0,01;0,00;
;;;;;;;Q9HIY3;Aspartate aminotransferase related protein;A4B9;3,851;+;-;0,03;0,75;0,97;0,99;0,74;0,93;0,02;0,11;0,40;0,00;0,06;0,26;0,02;0,27;0,27;0,01;0,02;0,02;
;;;;;;;B5ICZ6;Aminotransferase, classes I and II superfamily;A2D2;2,004;-;-;0,01;0,04;0,02;0,08;0,10;0,01;0,01;0,01;0,05;0,00;0,00;0,01;0,01;0,02;0,04;0,00;0,00;0,00;
;;;;;;;O57946;Putative uncharacterized protein PH0207;A3G1;0,88;-;-;0,01;0,05;0,01;0,05;0,09;0,01;0,01;0,00;0,04;0,00;0,00;0,01;0,01;0,02;0,04;0,00;0,01;0,01;
;;;;;;;D8GJM6;Predicted Aminotransferase, class I and II family;A1D12;2,715;-;-;0,01;0,05;0,02;0,06;0,10;0,01;0,01;0,01;0,05;0,00;0,01;0,01;0,01;0,03;0,05;0,00;0,01;0,01;
;;;;;;;G0VQA2;Aminotransferase;A3D9;2,926;+;+;0,04;1,09;5,52;5,74;4,24;5,28;0,02;4,53;2,17;0,00;0,76;2,07;0,07;2,00;0,49;0,01;0,02;0,01;
;;;;;;;A3DP70;Putative transcriptional regulator, GntR family;A1A4;1,481;-;-;0,01;0,04;0,02;0,06;0,10;0,01;0,01;0,01;0,06;0,00;0,01;0,01;0,01;0,03;0,05;0,00;0,01;0,01;
;;;;;;;D5U1G5;2-aminoadipate aminotransferase apoenzyme;A2H5;1,353;-;-;0,01;0,04;0,01;0,08;0,10;0,01;0,01;0,01;0,05;0,01;0,01;0,01;0,01;0,03;0,05;0,01;0,01;0,01;
;;;;;;;A2BJX0;Transcriptional regulator;A2A2;1,455;-;-;0,05;0,04;0,01;0,08;0,10;0,01;0,01;0,00;0,05;0,00;0,00;0,01;0,01;0,02;0,05;0,00;0,00;0,00;
;;;;;;;A4YIK7;Putative transcriptional regulator, GntR family;A2B2;1,629;-;-;0,01;0,04;0,01;0,08;0,10;0,01;0,01;0,00;0,05;0,00;0,00;0,01;0,01;0,02;0,05;0,00;0,00;0,01;
;;;;;;;P95957;Uncharacterized aminotransferase SSO0104 (EC:2.6.1.-);A1F4;1,287;-;-;0,01;0,03;0,02;0,06;0,10;0,02;0,01;0,01;0,06;0,00;0,01;0,01;0,01;0,03;0,05;0,01;0,01;0,01;
;;;;;;;Q4J8Q1;Aminotransferase;A1F8;1,315;-;-;0,02;0,04;0,02;0,05;0,09;0,02;0,01;0,01;0,05;0,01;0,01;0,01;0,01;0,03;0,05;0,01;0,01;0,01;
;;;;;;;A8MBP7;Putative transcriptional regulator, GntR family;A2B9;1,049;-;-;0,01;0,04;0,01;0,08;0,10;0,01;0,01;0,01;0,05;0,00;0,00;0,01;0,01;0,02;0,05;0,00;0,00;0,01;
;;;;;;;A1RTC0;2-aminoadipate aminotransferase apoenzyme;A1H9;1,329;+;-;0,02;0,05;0,02;0,06;0,10;0,02;0,01;0,01;0,05;0,01;0,01;0,01;0,01;0,03;0,05;0,01;0,01;0,01;
;;;;;;;E1QSI3;Putative transcriptional regulator, GntR family;A3B2;1,097;-;-;0,01;0,05;0,01;0,05;0,09;0,01;0,01;0,00;0,05;0,00;0,00;0,01;0,01;0,02;0,04;0,00;0,00;0,00;
;;;;;;;F2N8Z7;Putative transcriptional regulator, GntR family;A5B11;3,777;-;-;0,01;0,47;0,03;0,07;0,12;0,02;0,02;0,01;0,06;0,00;0,01;0,02;0,02;0,03;0,06;0,01;0,02;0,02;
;;;;;;;F5Y686;Aminotransferases-like protein;A5C1;3,55;+;+;0,01;0,05;0,08;0,34;0,37;0,25;0,01;0,00;0,07;0,00;0,00;0,01;0,04;0,04;0,06;0,00;0,01;0,00;
;;;;;;;D8NQV6;Transcriptional regulators containing a dna-binding hth domain and an aminotransferase domain transcription regulator protein;A5G10;3,008;-;-;0,02;0,05;0,08;0,12;0,16;0,08;0,01;0,06;0,06;0,01;0,01;0,06;0,02;0,03;0,05;0,01;0,01;0,01;
;;;;;;;C6WB17;Putative transcriptional regulator, GntR family;A5G5;1,412;-;-;0,01;0,04;0,01;0,05;0,10;0,01;0,01;0,01;0,04;0,01;0,01;0,01;0,01;0,03;0,05;0,01;0,01;0,01;
;;;;;;;B7WY27;Putative transcriptional regulator, GntR family;A4E1;1,52;+;+;0,03;0,20;8,00;8,00;5,19;8,00;0,01;4,00;0,33;0,09;0,08;2,49;0,05;1,04;0,14;0,01;0,01;0,01;
;;;;;;;F5XVN9;Aminotransferase-like protein;A5H1;1,93;-;-;0,01;0,05;0,01;0,05;0,10;0,01;0,01;0,01;0,04;0,00;0,00;0,01;0,01;0,03;0,05;0,01;0,01;0,01;
;;;;;;;A1VJ96;Putative transcriptional regulator, GntR family;A4C3;4,016;+;+;0,03;0,06;0,43;0,65;0,26;0,68;0,01;0,12;0,06;0,00;0,01;0,07;0,01;0,04;0,06;0,00;0,01;0,01;
;;;;;;;E6V8J9;Putative transcriptional regulator, GntR family;A5B8;1,278;-;-;0,01;0,04;0,01;0,05;0,09;0,01;0,01;0,00;0,05;0,00;0,00;0,01;0,01;0,02;0,05;0,01;0,01;0,01;
;;;;;;;A9IHG3;Putative aminotransferase;A4D2;4,803;+;-;0,02;0,07;1,70;1,76;1,00;1,72;0,01;0,93;0,10;0,00;0,04;0,52;0,01;0,15;0,05;0,00;0,01;0,01;
;;;;;;;B2JE86;Putative transcriptional regulator, GntR family;A4D9;4,967;+;+;0,03;0,11;4,67;5,07;0,41;5,49;0,01;0,21;0,06;0,00;0,01;1,05;0,01;0,04;0,04;0,01;0,01;0,01;
;;;;;;;Q8P9L5;Valine-pyruvate aminotransferase;A5F8;1,961;-;-;0,01;0,04;0,02;0,06;0,09;0,03;0,01;0,02;0,04;0,01;0,01;0,01;0,01;0,03;0,05;0,01;0,01;0,01;
;;;;;;;D8NLT8;Transcriptional regulators containing a dna-binding hth domain and an aminotransferase domain transcription regulator protein;A5A5;1,243;-;-;0,01;0,04;0,01;0,05;0,10;0,01;0,01;0,00;0,05;0,00;0,01;0,01;0,01;0,02;0,05;0,01;0,01;0,01;
;;;;;;;Q1LKD6;Aminotransferase family protein;A5D9;6,1;+;+;0,02;0,05;1,49;1,89;0,63;1,76;0,01;0,26;0,07;0,00;0,01;0,09;0,01;0,05;0,05;0,01;0,01;0,01;
;;;;;;;H9ZT82;Transcriptional regulator with HTH domain and aminotransferase domain;A5C9;2,21;-;-;0,02;0,04;0,02;0,06;0,10;0,02;0,01;0,01;0,05;0,00;0,00;0,01;0,01;0,02;0,05;0,01;0,01;0,01;
;;;;;;;D0CVD7;Aminotransferase class I family;A4G3;1,849;-;-;0,02;0,04;0,01;0,05;0,09;0,01;0,01;0,01;0,04;0,00;0,01;0,01;0,01;0,02;0,04;0,01;0,01;0,01;
;;;;;;;Q1IWK6;Valine-pyruvate aminotransferase apoenzyme;A5D7;4,614;-;-;0,02;0,06;0,34;0,45;0,19;0,29;0,01;0,07;0,06;0,00;0,01;0,26;0,01;0,03;0,05;0,01;0,01;0,01;
;;;;;;;C1CZI7;Putative aminotransferase;A4E12;2,959;+;+;0,01;0,06;0,99;1,71;0,85;1,47;0,01;0,21;0,10;0,00;0,01;0,30;0,04;0,05;0,14;0,00;0,01;0,00;
;;;;;;;Q9RU08;Aminotransferase, class I, putative;A5G2;2,275;-;-;0,01;0,05;0,19;0,35;0,31;0,19;0,01;0,06;0,07;0,00;0,01;0,04;0,02;0,03;0,10;0,01;0,01;0,01;
;;;;;;;D3PQ10;GntR family transcriptional regulator;A4G12;2,01;-;-;0,01;0,04;0,06;0,08;0,11;0,05;0,00;0,02;0,05;0,00;0,00;0,04;0,01;0,03;0,04;0,00;0,00;0,00;
;;;;;;;D7BBF5;Putative transcriptional regulator, GntR family;A5A3;2,917;+;+;0,01;0,08;0,26;0,33;0,23;0,24;0,01;0,08;0,12;0,00;0,01;0,34;0,01;0,03;0,05;0,00;0,01;0,00;
;;;;;;;E8N500;Aminotransferase;A3B11;1,288;+;-;0,01;0,05;0,03;0,07;0,12;0,04;0,01;0,01;0,06;0,00;0,01;0,02;0,01;0,03;0,05;0,00;0,01;0,01;
;;;;;;;D6U7P5;Putative transcriptional regulator, GntR family;A5A1;1,947;-;-;0,01;0,04;0,01;0,05;0,10;0,01;0,01;0,00;0,05;0,00;0,00;0,00;0,00;0,02;0,05;0,00;0,00;0,00;
;;;;;;;F6DS76;Aminotransferase class I and II;A3D3;1,668;-;-;0,13;0,07;0,01;0,05;0,09;0,01;0,00;0,00;0,05;0,00;0,00;0,01;0,01;0,03;0,12;0,00;0,01;0,01;
;;;;;;;A8RJI4;Uncharacterized protein;A2B10;1,427;+;+;0,02;0,06;1,34;1,23;0,85;1,44;0,01;0,87;0,34;0,00;0,03;0,18;0,01;0,10;0,08;0,01;0,00;0,01;
;;;;;;;C7LW94;Putative transcriptional regulator, GntR family;A4F6;2,777;+;+;0,02;0,04;0,12;0,18;0,14;0,24;0,01;0,14;0,05;0,01;0,01;0,04;0,01;0,03;0,05;0,01;0,01;0,01;
;;;;;;;C4XMZ7;Aminotransferase;A4F3;1,122;-;-;0,01;0,04;0,01;0,05;0,08;0,01;0,01;0,01;0,04;0,01;0,01;0,01;0,01;0,02;0,04;0,00;0,01;0,01;
;;;;;;;Q729I6;Aminotransferase, classes I and II;A5F1;2,545;-;-;0,02;0,05;0,13;0,24;0,17;0,27;0,01;0,08;0,05;0,00;0,01;0,10;0,01;0,05;0,10;0,00;0,01;0,01;
;;;;;;;E6U9I7;Putative transcriptional regulator, GntR family;A5B6;3,512;-;-;0,02;0,04;0,03;0,08;0,11;0,04;0,01;0,02;0,05;0,00;0,01;0,02;0,01;0,03;0,05;0,01;0,01;0,01;
;;;;;;;E4U9A2;Putative transcriptional regulator, GntR family;A5G12;1,307;-;-;0,01;0,03;0,01;0,04;0,08;0,01;0,00;0,00;0,04;0,00;0,00;0,00;0,00;0,02;0,04;0,00;0,00;0,00;
;;;;;;;D0MDH0;Aminotransferase class I and II;A4G4;3,786;+;+;0,06;0,08;0,02;0,07;0,11;0,02;0,01;0,01;0,06;0,00;0,01;0,01;0,01;0,04;0,22;0,01;0,01;0,01;
;;;;;;;Q2S410;Aspartate aminotransferase;A5E2;3,488;-;-;0,02;0,05;0,06;0,07;0,13;0,02;0,01;0,04;0,06;0,00;0,03;0,04;0,03;0,07;0,05;0,01;0,01;0,01;
;;;;;;;D5WXB1;Aminotransferase class I and II;A2H7;2,359;-;+;0,01;0,04;0,01;0,08;0,10;0,01;0,01;0,01;0,05;0,01;0,01;0,01;0,01;0,03;0,05;0,01;0,01;0,01;
;;;;;;;C9R853;Aminotransferase class I and II;A2F9;3,669;+;+;0,07;0,07;0,01;0,09;0,11;0,02;0,01;0,01;0,06;0,01;0,01;0,01;0,01;0,03;0,10;0,01;0,01;0,01;
;;;;;;;A5D191;Aspartate/tyrosine/aromatic aminotransferase;A2B3;1,518;+;+;0,02;0,04;0,01;0,08;0,10;0,01;0,01;0,00;0,06;0,00;0,01;0,01;0,01;0,03;0,05;0,00;0,00;0,01;
;;;;;;;F6CKU6;Aspartate transaminase;A3D1;2,329;+;+;0,04;0,05;0,01;0,05;0,10;0,01;0,00;0,00;0,05;0,00;0,00;0,01;0,01;0,02;0,05;0,00;0,00;0,00;
;;;;;;;F6DMA0;Aminotransferase class I and II;A3D2;3,161;+;+;0,29;0,07;0,01;0,05;0,10;0,01;0,00;0,00;0,05;0,00;0,00;0,01;0,01;0,03;0,15;0,00;0,00;0,00;
;;;;;;;G6HZ29;Deleted;A3E2;1,852;+;+;0,05;0,07;0,01;0,05;0,09;0,01;0,00;0,01;0,05;0,00;0,01;0,01;0,01;0,03;0,09;0,01;0,01;0,01;
;;;;;;;B5YIN0;Aspartate aminotransferase;A1B8;1,635;-;-;0,01;0,05;0,01;0,05;0,10;0,01;0,01;0,00;0,05;0,00;0,00;0,01;0,01;0,02;0,06;0,00;0,01;0,01;
;;;;;;;B7R950;Aminotransferase, classes I and II superfamily;A1B11;2,718;+;-;0,02;0,04;0,01;0,06;0,10;0,01;0,01;0,00;0,06;0,00;0,00;0,01;0,01;0,03;0,05;0,00;0,01;0,01;
;;;;;;;B0TGI9;Aspartate aminotransferase;A2C3;2,148;-;-;0,02;0,05;0,01;0,08;0,10;0,01;0,01;0,01;0,06;0,00;0,01;0,01;0,01;0,03;0,07;0,00;0,00;0,01;
;;;;;;;Q5N1R5;Aspartate aminotransferase;A4A9;4,222;-;-;0,02;0,07;0,04;0,08;0,13;0,03;0,01;0,01;0,07;0,00;0,01;0,01;0,01;0,04;0,07;0,01;0,01;0,01;
;;;;;;;H8MGJ1;Putative aspartate aminotransferase;A5C7;5,145;-;-;0,03;0,07;0,02;0,06;0,11;0,02;0,01;0,01;0,05;0,00;0,01;0,01;0,01;0,03;0,06;0,01;0,01;0,01;
;;;;;;;Q2C9T2;Aspartate aminotransferase;A5H4;3,414;-;-;0,02;0,04;0,02;0,06;0,10;0,02;0,01;0,01;0,05;0,01;0,01;0,01;0,01;0,03;0,05;0,01;0,01;0,01;
;;;;;;;B7GYU1;Aspartate aminotransferase A(Transaminase A) (AspAT);A2D8;4,612;-;-;0,02;0,04;0,02;0,10;0,13;0,02;0,01;0,02;0,06;0,00;0,01;0,01;0,01;0,04;0,05;0,01;0,00;0,01;
;;;;;;;Q3SIK6;Aspartate aminotransferase;A5E8;4,336;+;-;0,04;0,03;0,06;0,11;0,23;0,07;0,01;0,16;0,08;0,00;0,01;0,01;0,02;0,04;0,14;0,01;0,01;0,01;
;;;;;;;E1QL79;Aminotransferase class I and II;A5A8;5,305;+;+;0,06;0,04;0,02;0,07;0,13;0,02;0,01;0,01;0,06;0,00;0,01;0,01;0,01;0,05;0,20;0,01;0,01;0,01;
;;;;;;;D6YZQ5;Aminotransferase class I and II;A5A2;1,901;-;-;0,01;0,04;0,01;0,05;0,09;0,01;0,01;0,00;0,05;0,00;0,00;0,00;0,01;0,02;0,05;0,00;0,01;0,00;
;;;;;;;A1BF84;Aminotransferase;A1H7;0,043;-;-;-0,01;0,04;-0,04;0,04;0,03;0,02;0,01;-0,04;0,05;-0,04;-0,03;0,01;0,01;-0,01;-0,02;-0,01;0,01;0,01;
;;;;;;;B3EQL5;Aminotransferase class I and II;A2C9;2,66;-;-;0,01;0,04;0,01;0,08;0,10;0,01;0,01;0,01;0,05;0,00;0,01;0,01;0,01;0,02;0,05;0,00;0,00;0,01;
;;;;;;;B4S8K4;Aminotransferase class I and II;A2D1;2,407;-;-;0,01;0,03;0,01;0,09;0,11;0,01;0,01;0,00;0,06;0,00;0,00;0,01;0,01;0,03;0,05;0,00;0,00;0,01;
;;;;;;;Q5L8P6;Putative aspartate aminotransferase;A4A8;2,921;+;+;0,06;0,04;0,02;0,06;0,12;0,02;0,01;0,01;0,06;0,00;0,01;0,01;0,01;0,05;0,16;0,01;0,01;0,01;
;;;;;;;B7BGL0;Aminotransferase, class I/II;A2D6;2,214;+;-;0,01;0,06;0,01;0,08;0,11;0,01;0,01;0,01;0,06;0,00;0,01;0,01;0,01;0,03;0,06;0,01;0,00;0,01;
;;;;;;;E4T7P1;Aminotransferase class I and II;A3B6;1,977;-;-;0,01;0,08;0,01;0,05;0,10;0,01;0,01;0,00;0,05;0,00;0,00;0,01;0,01;0,03;0,14;0,00;0,01;0,00;
;;;;;;;E4RZQ6;Aminotransferase class I and II;A3B5;1,65;-;+;0,01;0,05;0,01;0,05;0,09;0,01;0,01;0,00;0,05;0,00;0,00;0,01;0,01;0,02;0,04;0,00;0,01;0,00;
;;;;;;;C6Y061;Aminotransferase class I and II;A2F3;3,771;+;+;0,11;0,12;0,02;0,10;0,12;0,01;0,01;0,01;0,06;0,00;0,01;0,01;0,01;0,04;0,18;0,01;0,01;0,01;
;;;;;;;G8R8R4;Aspartate/tyrosine/aromatic aminotransferase;A3E7;2,898;+;+;0,03;0,09;0,02;0,06;0,11;0,02;0,01;0,01;0,05;0,00;0,01;0,01;0,01;0,04;0,22;0,01;0,01;0,01;
;;;;;;;A5FJ40;Aminotransferase;A1A6;2,569;+;+;0,06;0,13;0,02;0,07;0,12;0,01;0,01;0,00;0,08;0,00;0,01;0,01;0,01;0,05;0,26;0,00;0,01;0,01;
;;;;;;;D5BHB2;Aspartate aminotransferase;A1D8;2,029;-;-;0,01;0,04;0,01;0,06;0,09;0,01;0,01;0,00;0,05;0,00;0,00;0,01;0,01;0,02;0,04;0,00;0,01;0,01;
;;;;;;;G2PL57;Aspartate transaminase;A3D10;2,429;+;+;0,05;0,14;0,32;0,37;0,22;0,23;0,01;0,12;0,16;0,00;0,01;0,08;0,01;0,08;0,34;0,01;0,01;0,01;
;;;;;;;C7M9K7;Aminotransferase class I and II;A2F4;1,942;+;+;0,04;0,09;0,03;0,13;0,14;0,02;0,01;0,02;0,09;0,00;0,02;0,01;0,01;0,06;0,13;0,01;0,01;0,01;
;;;;;;;C1CW38;Putative Aspartate transaminase (Aspartate aminotransferase) (Transaminase A);A4E10;3,453;+;+;0,04;0,08;0,04;0,08;0,13;0,04;0,01;0,02;0,06;0,01;0,01;0,02;0,01;0,05;0,23;0,01;0,01;0,01;
;;;;;;;H0RI53;Histidinol-phosphate aminotransferase;A5C3;1,976;-;+;0,01;0,04;0,01;0,05;0,09;0,01;0,01;0,00;0,05;0,00;0,00;0,01;0,01;0,02;0,04;0,00;0,01;0,01;
;;;;;;;Q82AA5;Histidinol-phosphate aminotransferase (EC:2.6.1.9);A5H7;3,756;-;+;0,02;0,08;0,05;0,13;0,16;0,05;0,01;0,02;0,05;0,00;0,01;0,01;0,01;0,04;0,10;0,01;0,01;0,01;
;;;;;;;Q0A6I1;Histidinol-phosphate aminotransferaseUniRule annotation;A5H2;1,072;-;-;0,01;0,04;0,02;0,05;0,09;0,01;0,01;0,01;0,04;0,00;0,01;0,01;0,01;0,03;0,07;0,01;0,01;0,01;
;;;;;;;F6CH53;Histidinol-phosphate aminotransferaseUniRule annotation;A3C10;2,083;+;-;0,05;0,06;0,02;0,06;0,10;0,01;0,01;0,00;0,05;0,00;0,01;0,01;0,01;0,03;0,06;0,01;0,01;0,01;
;;;;;;;Q3AD52;Histidinol-phosphate aminotransferase 1UniRule annotation;A4A1;2,004;+;+;0,02;0,04;0,02;0,06;0,11;0,02;0,00;0,01;0,05;0,00;0,00;0,01;0,00;0,03;0,05;0,00;0,00;0,00;
;;;;;;;E4U733;Histidinol phosphate aminotransferase apoenzyme;A5G11;3,435;-;-;0,01;0,05;0,01;0,05;0,10;0,01;0,01;0,00;0,05;0,00;0,00;0,01;0,01;0,02;0,05;0,00;0,01;0,01;
;;;;;;;B8JAS1;Aminotransferase class I and II;A5G3;0,72;-;-;0,01;0,04;0,02;0,05;0,10;0,01;0,01;0,01;0,04;0,01;0,01;0,01;0,01;0,03;0,05;0,01;0,01;0,01;
;;;;;;;Q72LJ9;Histidinol-phosphate aminotransferaseUniRule annotation;A5F4;2,026;-;-;0,02;0,04;0,02;0,05;0,10;0,01;0,01;0,01;0,05;0,01;0,01;0,01;0,01;0,03;0,06;0,01;0,01;0,01;
;;;;;;;D3PR47;Aminotransferase class I and II;A4H1;1,893;-;-;0,01;0,04;0,01;0,05;0,09;0,01;0,01;0,01;0,05;0,01;0,01;0,01;0,00;0,03;0,05;0,01;0,01;0,01;
;;;;;;;D7BBK6;Histidinol-phosphate aminotransferaseUniRule annotation;A5A4;2,787;-;-;0,01;0,05;0,01;0,05;0,11;0,01;0,01;0,01;0,05;0,00;0,00;0,01;0,01;0,03;0,06;0,00;0,01;0,01;
;;;;;;;D7CS44;Histidinol-phosphate aminotransferaseUniRule annotation;A5G9;2,577;-;-;0,02;0,05;0,02;0,06;0,11;0,02;0,01;0,01;0,05;0,01;0,01;0,01;0,01;0,03;0,06;0,01;0,01;0,01;
;;;;;;;Q9RRM7;Histidinol-phosphate aminotransferaseUniRule annotation;A5G1;4,067;-;+;0,06;0,29;0,47;2,10;3,08;0,08;0,01;0,01;0,72;0,01;0,01;0,01;0,34;0,08;1,51;0,01;0,01;0,01;
;;;;;;;C1CZ11;Histidinol-phosphate aminotransferaseUniRule annotation;A4E11;3,885;+;+;0,08;0,26;0,28;0,97;1,94;0,07;0,01;0,01;0,65;0,00;0,01;0,01;0,33;0,08;1,68;0,01;0,01;0,01;
;;;;;;;Q1J263;Histidinol-phosphate aminotransferaseUniRule annotation;A5D8;4,81;+;+;0,10;0,28;0,33;1,61;1,81;0,08;0,01;0,01;0,79;0,01;0,01;0,02;0,39;0,06;1,52;0,01;0,01;0,01;
;;;;;;;D0MFN8;Histidinol-phosphate aminotransferaseUniRule annotation;A4G5;3,254;-;-;0,02;0,05;0,02;0,06;0,11;0,02;0,01;0,01;0,06;0,01;0,01;0,01;0,02;0,02;0,05;0,01;0,01;0,01;
;;;;;;;E1VWL8;Putative phenylalanine aminotransferaseUniRule annotation;A5A12;4,332;+;+;0,22;0,50;0,40;1,28;2,32;0,20;0,01;0,01;2,64;0,00;0,04;0,02;0,33;0,18;2,37;0,01;0,01;0,01;
;;;;;;;C4RR83;Histidinol-phosphate aminotransferaseUniRule annotation;A5G4;2,616;-;-;0,01;0,04;0,01;0,05;0,10;0,01;0,01;0,01;0,04;0,00;0,01;0,01;0,01;0,03;0,05;0,01;0,01;0,01;
;;;;;;;D5VRI8;Histidinol-phosphate aminotransferaseUniRule annotation;A1D9;1,693;-;-;0,01;0,04;0,01;0,05;0,09;0,01;0,01;0,00;0,05;0,00;0,00;0,01;0,01;0,02;0,04;0,00;0,01;0,01;
;;;;;;;A6UTL8;Histidinol-phosphate aminotransferaseUniRule annotation;A1A10;1,277;-;-;0,01;0,04;0,01;0,06;0,10;0,01;0,01;0,01;0,05;0,00;0,01;0,01;0,01;0,03;0,05;0,01;0,01;0,01;
;;;;;;;P61003;Histidinol-phosphate aminotransferaseUniRule annotation;A1F3;1,387;+;+;0,02;0,04;0,01;0,05;0,09;0,01;0,01;0,01;0,05;0,00;0,01;0,01;0,01;0,02;0,04;0,01;0,01;0,01;
;;;;;;;Q8TVG3;Histidinol-phosphate aminotransferaseUniRule annotation;A5F11;1,514;-;-;0,01;0,04;0,01;0,04;0,09;0,01;0,01;0,00;0,05;0,00;0,00;0,01;0,01;0,02;0,04;0,00;0,01;0,01;
;;;;;;;D9PU84;Histidinol-phosphate aminotransferaseUniRule annotation;A3A8;1,098;-;-;0,02;0,05;0,01;0,05;0,10;0,01;0,01;0,01;0,05;0,00;0,01;0,01;0,01;0,03;0,05;0,01;0,01;0,01;
;;;;;;;D2ZNA3;Histidinol-phosphate aminotransferaseUniRule annotation;A1D1;2,327;+;+;0,02;0,04;0,01;0,06;0,10;0,01;0,01;0,00;0,05;0,00;0,00;0,01;0,01;0,02;0,05;0,00;0,00;0,01;
;;;;;;;D3E0Q9;Histidinol-phosphate aminotransferaseUniRule annotation;A1D3;1,63;+;+;0,01;0,04;0,01;0,05;0,09;0,01;0,01;0,00;0,05;0,00;0,00;0,01;0,01;0,02;0,04;0,00;0,01;0,01;
;;;;;;;D1YXA6;Histidinol-phosphate aminotransferaseUniRule annotation;A2F12;2,412;+;+;0,02;0,04;0,01;0,08;0,10;0,01;0,01;0,01;0,05;0,00;0,01;0,01;0,01;0,03;0,05;0,01;0,01;0,01;
;;;;;;;D5E9X1;Histidinol-phosphate aminotransferaseUniRule annotation;A2G11;1,996;+;+;0,02;0,04;0,02;0,09;0,11;0,02;0,01;0,01;0,06;0,00;0,00;0,01;0,01;0,03;0,05;0,00;0,00;0,01;
;;;;;;;D7EBQ8;Histidinol-phosphate aminotransferaseUniRule annotation;A3A5;1,373;-;-;0,01;0,05;0,01;0,05;0,10;0,01;0,01;0,01;0,05;0,00;0,01;0,01;0,01;0,02;0,05;0,00;0,01;0,01;
;;;;;;;Q8TUE9;Histidinol-phosphate aminotransferaseUniRule annotation;A4B7;4,191;-;-;0,02;0,04;0,02;0,06;0,11;0,02;0,01;0,00;0,06;0,00;0,00;0,01;0,01;0,03;0,05;0,00;0,01;0,01;
;;;;;;;Q12U08;Histidinol-phosphate aminotransferaseUniRule annotation;A3G8;2,161;-;-;0,02;0,05;0,01;0,05;0,09;0,01;0,01;0,01;0,04;0,00;0,01;0,01;0,01;0,02;0,04;0,01;0,01;0,01;
;;;;;;;D2RDV2;Histidinol-phosphate aminotransferaseUniRule annotation;A2G4;2,13;-;-;0,02;0,03;0,10;0,11;0,14;0,06;0,01;0,05;0,07;0,00;0,01;0,01;0,01;0,03;0,06;0,01;0,01;0,01;
;;;;;;;O28277;Histidinol-phosphate aminotransferase 1 (EC:2.6.1.9);A3F10;1,539;-;-;0,02;0,06;0,02;0,06;0,10;0,02;0,02;0,01;0,05;0,01;0,01;0,02;0,02;0,03;0,05;0,01;0,02;0,02;
;;;;;;;C6BVN4;Histidinol-phosphate aminotransferaseUniRule annotation;A2E12;2,288;-;+;0,01;0,03;0,02;0,08;0,10;0,02;0,01;0,01;0,05;0,00;0,00;0,01;0,01;0,02;0,04;0,00;0,00;0,01;
;;;;;;;A8MEH2;Histidinol-phosphate aminotransferaseUniRule annotation;A1B1;0,821;+;+;0,06;0,08;0,12;1,13;1,55;0,04;0,01;0,00;0,49;0,00;0,01;0,01;0,26;0,04;0,16;0,01;0,01;0,01;
;;;;;;;B2A725;Histidinol-phosphate aminotransferaseUniRule annotation;A1B5;3,519;+;+;0,02;0,05;0,02;0,07;0,11;0,02;0,01;0,00;0,06;0,00;0,00;0,01;0,01;0,03;0,05;0,00;0,01;0,01;
;;;;;;;C8WUA3;Histidinol-phosphate aminotransferaseUniRule annotation;A4F12;1,659;-;-;0,01;0,03;0,01;0,04;0,08;0,01;0,00;0,00;0,05;0,00;0,00;0,00;0,00;0,02;0,04;0,00;0,00;0,00;
;;;;;;;D5WUG8;Histidinol-phosphate aminotransferaseUniRule annotation;A4H7;4,063;-;-;0,02;0,05;0,02;0,10;0,18;0,02;0,01;0,00;0,14;0,01;0,01;0,01;0,18;0,03;0,08;0,01;0,01;0,01;
;;;;;;;C0QQF9;Histidinol-phosphate aminotransferaseUniRule annotation;A1C6;1,372;-;+;0,01;0,04;0,02;0,09;0,14;0,01;0,01;0,00;0,06;0,00;0,00;0,01;0,03;0,02;0,05;0,00;0,01;0,01;
;;;;;;;B5YH65;Histidinol-phosphate aminotransferaseUniRule annotation;A1B7;2,403;+;+;0,02;0,06;0,08;0,29;0,32;0,04;0,01;0,00;0,08;0,00;0,00;0,01;0,12;0,03;0,08;0,01;0,01;0,01;
;;;;;;;D3PA09;Histidinol-phosphate aminotransferaseUniRule annotation;A1D5;1,83;+;+;0,02;0,04;0,13;0,38;0,42;0,09;0,01;0,00;0,07;0,00;0,01;0,01;0,09;0,03;0,05;0,00;0,01;0,01;
;;;;;;;F2LW77;Histidinol-phosphate aminotransferaseUniRule annotation;A1E7;1,675;-;-;0,02;0,04;0,01;0,06;0,10;0,02;0,01;0,01;0,05;0,00;0,01;0,01;0,01;0,03;0,05;0,01;0,01;0,01;
;;;;;;;A0LK47;Histidinol-phosphate aminotransferaseUniRule annotation;A1H5;1,987;+;-;0,01;0,05;0,02;0,06;0,10;0,01;0,01;0,01;0,05;0,00;0,01;0,01;0,01;0,03;0,05;0,01;0,01;0,01;
;;;;;;;A8ZTA4;Histidinol-phosphate aminotransferaseUniRule annotation;A2B11;1,418;-;-;0,01;0,04;0,01;0,08;0,12;0,01;0,01;0,03;0,06;0,00;0,01;0,01;0,01;0,03;0,05;0,00;0,00;0,01;
;;;;;;;Q8EQB9;Histidinol-phosphate aminotransferase 2 (EC:2.6.1.9);A1G6;2,82;+;+;0,03;0,06;0,04;0,10;0,14;0,02;0,01;0,01;0,08;0,00;0,01;0,01;0,11;0,03;0,06;0,01;0,01;0,01;
;;;;;;;A0AK37;Histidinol-phosphate aminotransferaseUniRule annotation;A1A3;-0,039;-;-;0,02;0,04;0,02;0,06;0,08;0,02;0,01;0,00;0,04;0,01;0,02;0,01;0,01;0,04;0,05;0,02;0,01;0,01;
;;;;;;;A3F3C5;Histidinol-phosphate aminotransferaseUniRule annotation;A2A8;3,114;+;+;0,12;0,14;0,14;0,89;0,53;0,08;0,02;0,01;0,35;0,01;0,02;0,02;0,22;0,06;0,19;0,02;0,00;0,02;
;;;;;;;I0JNA2;Histidinol-phosphate aminotransferaseUniRule annotation;A3F3;3,37;+;+;0,03;0,06;0,03;0,19;0,40;0,02;0,01;0,00;0,07;0,00;0,00;0,01;0,25;0,02;0,07;0,01;0,01;0,01;
;;;;;;;B9L0B8;Glutamate-1-semialdehyde 2,1-aminomutase;A4E6;2,26;-;-;0,02;0,05;0,02;0,06;0,10;0,02;0,01;0,01;0,05;0,01;0,01;0,02;0,01;0,03;0,04;0,01;0,01;0,01;
;;;;;;;C3PKI4;Glutamate-1-semialdehyde 2,1-aminomutaseUniRule annotation;A4F2;3,126;-;-;0,03;0,05;0,02;0,05;0,10;0,02;0,01;0,01;0,05;0,00;0,01;0,01;0,01;0,03;0,05;0,01;0,01;0,01;
;;;;;;;D3F3V5;Glutamate-1-semialdehyde 2,1-aminomutaseUniRule annotation;A5G7;4,048;+;-;0,02;0,05;0,02;0,06;0,11;0,02;0,01;0,01;0,05;0,00;0,01;0,01;0,01;0,03;0,05;0,01;0,01;0,01;
;;;;;;;D5WWW8;Glutamate-1-semialdehyde 2,1-aminomutaseUniRule annotation;A4H8;3,521;+;+;0,01;0,04;0,02;0,05;0,09;0,02;0,01;0,01;0,04;0,00;0,01;0,01;0,01;0,02;0,05;0,01;0,01;0,01;
;;;;;;;D1B7M9;Glutamate-1-semialdehyde 2,1-aminomutaseUniRule annotation;A4G9;2,852;-;-;0,02;0,04;0,02;0,06;0,10;0,02;0,01;0,01;0,05;0,00;0,01;0,01;0,01;0,03;0,05;0,01;0,01;0,01;
;;;;;;;B5S917;Deleted;A4D12;3,17;-;-;0,03;0,04;0,02;0,06;0,11;0,02;0,01;0,01;0,05;0,00;0,00;0,01;0,01;0,03;0,06;0,01;0,01;0,01;
;;;;;;;D4DX43;Glutamate-1-semialdehyde 2,1-aminomutaseUniRule annotation;A4H6;3,345;+;+;0,02;0,04;0,02;0,06;0,09;0,02;0,02;0,01;0,05;0,01;0,01;0,01;0,01;0,03;0,05;0,01;0,01;0,01;
;;;;;;;I3BTY2;Glutamate-1-semialdehyde 2,1-aminomutaseUniRule annotation;A3F8;1,255;-;-;0,02;0,04;0,01;0,05;0,10;0,01;0,01;0,02;0,04;0,00;0,01;0,01;0,01;0,02;0,04;0,01;0,01;0,01;
;;;;;;;D3RVE5;Glutamate-1-semialdehyde 2,1-aminomutaseUniRule annotation;A4H4;5,475;+;+;0,02;0,05;0,02;0,07;0,10;0,02;0,01;0,01;0,05;0,00;0,01;0,01;0,01;0,03;0,06;0,01;0,01;0,01;
;;;;;;;D5SR77;Glutamate-1-semialdehyde 2,1-aminomutaseUniRule annotation;A2H3;2,704;+;+;0,01;0,04;0,01;0,08;0,11;0,01;0,01;0,01;0,06;0,00;0,01;0,01;0,01;0,03;0,05;0,01;0,01;0,01;
;;;;;;;C0QCR9;Glutamate-1-semialdehyde 2,1-aminomutaseUniRule annotation;A2E7;3,213;-;-;0,01;0,04;0,13;0,10;0,20;0,05;0,01;0,11;0,07;0,00;0,02;0,02;0,02;0,07;0,07;0,01;0,01;0,01;
;;;;;;;B8J3A3;Glutamate-1-semialdehyde 2,1-aminomutaseUniRule annotation;A4E5;4,601;+;+;0,02;0,04;0,02;0,06;0,10;0,02;0,01;0,01;0,05;0,00;0,01;0,01;0,01;0,03;0,05;0,01;0,01;0,01;
;;;;;;;Q30WH2;Glutamate-1-semialdehyde 2,1-aminomutaseUniRule annotation;A5E4;0,676;-;-;0,01;0,03;0,01;0,04;0,09;0,01;0,01;0,01;0,04;0,01;0,01;0,01;0,01;0,02;0,05;0,01;0,01;0,01;
;;;;;;;Q725I1;Glutamate-1-semialdehyde 2,1-aminomutaseUniRule annotation;A5E11;4,779;+;+;0,01;0,04;0,01;0,05;0,10;0,01;0,01;0,00;0,06;0,00;0,00;0,01;0,01;0,02;0,05;0,00;0,01;0,01;
;;;;;;;D7CN98;Glutamate-1-semialdehyde 2,1-aminomutaseUniRule annotation;A3A3;1,018;-;-;0,01;0,05;0,01;0,05;0,09;0,01;0,00;0,00;0,05;0,00;0,00;0,01;0,01;0,02;0,04;0,00;0,00;0,00;
;;;;;;;D0MHY1;Glutamate-1-semialdehyde 2,1-aminomutaseUniRule annotation;A4G7;2,612;+;+;0,01;0,04;0,02;0,06;0,09;0,02;0,01;0,01;0,05;0,01;0,01;0,01;0,01;0,03;0,04;0,01;0,01;0,01;
;;;;;;;Q3A7W5;Glutamate-1-semialdehyde 2,1-aminomutaseUniRule annotation;A5E5;2,547;+;-;0,01;0,05;0,01;0,05;0,10;0,01;0,01;0,01;0,05;0,01;0,01;0,01;0,01;0,03;0,05;0,01;0,01;0,01;
;;;;;;;D1C4R7;Glutamate-1-semialdehyde 2,1-aminomutaseUniRule annotation;A5G6;2,34;-;+;0,02;0,04;0,02;0,05;0,10;0,01;0,01;0,01;0,05;0,01;0,01;0,01;0,01;0,03;0,05;0,01;0,01;0,01;
;;;;;;;Q1AUK6;Glutamate-1-semialdehyde 2,1-aminomutaseUniRule annotation;A5H3;2,753;-;-;0,01;0,04;0,02;0,05;0,09;0,01;0,01;0,01;0,04;0,00;0,01;0,01;0,01;0,03;0,05;0,01;0,01;0,01;
;;;;;;;A7NKV1;Glutamate-1-semialdehyde 2,1-aminomutaseUniRule annotation;A4D1;3,64;-;+;0,01;0,04;0,01;0,05;0,10;0,01;0,01;0,00;0,05;0,00;0,00;0,00;0,01;0,02;0,05;0,00;0,00;0,01;
;;;;;;;F7XFI7;Aminotransferase, class III;A5C2;1,566;-;-;0,01;0,04;0,01;0,05;0,10;0,01;0,01;0,00;0,05;0,00;0,00;0,01;0,01;0,02;0,04;0,00;0,01;0,00;
;;;;;;;E2XYS0;Aminotransferase class-III;A5B1;0,788;-;-;0,01;0,04;0,01;0,05;0,09;0,01;0,01;0,00;0,05;0,00;0,00;0,01;0,01;0,02;0,04;0,00;0,01;0,01;
;;;;;;;B2JW91;Aminotransferase class-III;A4D11;4,702;+;+;0,09;0,09;0,02;0,05;0,10;0,02;0,01;0,01;0,05;0,00;0,01;0,01;0,01;0,03;0,06;0,00;0,01;0,01;
;;;;;;;H8WR05;Beta-phenylalanine transaminase (EC:2.6.1.-);A5C8;1,275;-;-;0,01;0,04;0,01;0,05;0,09;0,01;0,01;0,01;0,05;0,00;0,01;0,01;0,01;0,02;0,05;0,01;0,01;0,01;
;;;;;;;B2T8R8;Aminotransferase class-III;A2C5;2,857;+;+;0,02;0,05;0,01;0,09;0,11;0,02;0,01;0,01;0,06;0,00;0,01;0,01;0,01;0,03;0,06;0,01;0,01;0,01;
;;;;;;;B1G3Y1;Aminotransferase class-III;A4D5;5,424;+;+;0,02;0,05;0,02;0,06;0,10;0,02;0,01;0,01;0,06;0,00;0,01;0,01;0,01;0,03;0,05;0,01;0,01;0,01;
;;;;;;;A3K8P0;Glutamate-1-semialdehyde aminotransferase;A4C7;6,143;+;+;0,22;0,24;0,05;0,08;0,16;0,03;0,03;0,05;0,07;0,01;0,04;0,04;0,04;0,10;0,15;0,02;0,03;0,02;
;;;;;;;D3F992;Aminotransferase class-III;A5G8;3,962;+;-;0,01584505;0,042109022;0,01;0,05;0,10;0,01;0,01;0,01;0,05;0,00;0,01;0,01;0,01;0,03;0,05;0,01;0,01;0,01;
;;;;;;;D3T132;Aminotransferase class-III;A4H5;2,584;-;-;0,02;0,05;0,02;0,06;0,10;0,02;0,01;0,01;0,05;0,01;0,01;0,01;0,01;0,03;0,05;0,01;0,01;0,01;
;;;;;;;D1C218;Aminotransferase class-III;A4G10;3,788;+;+;0,09;0,09;0,04;0,08;0,13;0,04;0,01;0,03;0,07;0,01;0,03;0,01;0,01;0,04;0,07;0,01;0,01;0,01;
;;;;;;;A3U092;Putative;A4C8;3,544;-;+;0,02;0,05;0,02;0,06;0,10;0,02;0,01;0,01;0,05;0,00;0,01;0,01;0,01;0,03;0,06;0,01;0,01;0,01;
;;;;;;;Q137Z1;Glutamate-1-semialdehyde 2,1-aminomutase;A5D4;3,034;+;+;0,04;0,05;0,02;0,06;0,10;0,01;0,01;0,00;0,05;0,00;0,00;0,01;0,01;0,02;0,05;0,01;0,01;0,01;
;;;;;;;H8XHU7;D-alanine aminotransferaseUniRule annotation;A3E11;-0,039;-;-;0,05;0,04;0,04;0,08;0,10;0,05;0,00;0,01;0,06;0,02;0,01;0,00;0,00;0,05;0,18;0,01;0,00;0,00;
;;;;;;;Q65LW6;D-alanine aminotransferaseUniRule annotation;A4B1;3,438;+;+;0,03;0,11;0,03;0,07;0,10;0,03;0,06;0,01;0,05;0,00;0,01;0,05;0,05;0,03;0,05;0,01;0,06;0,05;
;;;;;;;E6LHY8;D-amino-acid transaminase;A3B9;2,323;+;+;0,05;0,27;0,05;0,09;0,12;0,06;0,03;0,02;0,08;0,00;0,03;0,14;0,06;0,05;0,07;0,02;0,04;0,06;
;;;;;;;P54694;D-alanine aminotransferase (EC:2.6.1.21);A1F2;1,889;+;+;0,03;0,14;0,03;0,07;0,10;0,03;0,06;0,01;0,05;0,00;0,02;0,07;0,07;0,03;0,05;0,01;0,06;0,05;
;;;;;;;Q49YI1;D-alanine aminotransferaseUniRule annotation;A1F7;1,633;+;+;0,02;0,08;0,02;0,06;0,09;0,02;0,04;0,01;0,05;0,01;0,01;0,03;0,04;0,03;0,05;0,01;0,04;0,03;
;;;;;;;A4IKV7;D-alanine aminotransferaseUniRule annotation;A2A12;2,744;+;+;0,10;0,28;0,12;0,16;0,16;0,13;0,23;0,06;0,09;0,01;0,04;0,20;0,21;0,08;0,09;0,04;0,25;0,18;
;;;;;;;Q8CUM4;D-alanine aminotransferase;A1G4;3,25;+;+;0,03;0,10;0,03;0,07;0,10;0,02;0,06;0,01;0,05;0,00;0,01;0,06;0,06;0,03;0,05;0,01;0,06;0,05;
;;;;;;;I0JK30;D-amino-acid aminotransferase;A3F1;2,455;+;+;0,01;0,05;0,01;0,05;0,10;0,01;0,00;0,01;0,05;0,00;0,01;0,01;0,01;0,02;0,05;0,01;0,01;0,01;
;;;;;;;C3BK25;D-alanine aminotransferaseUniRule annotation;A1C11;1,082;-;-;0,01;0,04;0,01;0,05;0,09;0,01;0,01;0,01;0,05;0,00;0,01;0,01;0,01;0,02;0,05;0,01;0,01;0,01;
;;;;;;;Q815D1;D-alanine aminotransferaseUniRule annotation;A1G3;3,151;+;+;0,05;0,09;0,03;0,07;0,11;0,02;0,04;0,01;0,06;0,00;0,01;0,04;0,04;0,03;0,06;0,01;0,04;0,03;
;;;;;;;D7UYQ8;D-alanine aminotransferaseUniRule annotation;A3A7;3,937;+;+;0,04;0,08;0,02;0,06;0,10;0,02;0,03;0,01;0,05;0,00;0,01;0,03;0,03;0,03;0,05;0,01;0,03;0,03;
;;;;;;;B4AFR5;D-alanine aminotransferaseUniRule annotation;A2C12;1,579;+;+;0,02;0,08;0,05;0,09;0,13;0,03;0,05;0,04;0,06;0,00;0,02;0,06;0,05;0,05;0,06;0,01;0,04;0,04;
;;;;;;;O07597;D-alanine aminotransferase (EC:2.6.1.21);A3F9;2,6;+;+;0,04;0,22;0,04;0,08;0,12;0,05;0,15;0,03;0,07;0,00;0,03;0,14;0,13;0,05;0,07;0,03;0,15;0,14;
;;;;;;;A1HPJ7;D-amino acid aminotransferase;A1H8;2,465;+;+;0,02;0,08;0,02;0,06;0,08;0,02;0,02;0,01;0,04;0,01;0,01;0,02;0,03;0,03;0,05;0,01;0,02;0,01;
;;;;;;;F7NQ73;D-amino acid aminotransferase;A3D4;1,719;-;-;0,02;0,05;0,01;0,05;0,09;0,01;0,01;0,00;0,05;0,00;0,00;0,01;0,01;0,02;0,05;0,00;0,01;0,01;
;;;;;;;F8F1M1;D-alanine aminotransferaseUniRule annotation;A3D8;2,361;+;-;0,08;0,49;0,08;0,11;0,15;0,05;0,09;0,02;0,08;0,00;0,05;0,08;0,07;0,08;0,10;0,03;0,09;0,07;
;;;;;;;Q9K939;D-alanine aminotransferaseUniRule annotation;A4B10;5,911;+;+;0,02;0,10;0,03;0,07;0,12;0,03;0,04;0,01;0,07;0,00;0,01;0,04;0,03;0,03;0,06;0,01;0,03;0,03;
;;;;;;;P54693;D-alanine aminotransferase (EC:2.6.1.21);A1F1;0,015;-;-;-0,01;0,04;-0,02;0,01;0,03;0,01;0,01;-0,04;0,04;-0,04;-0,01;0,01;0,01;0,00;0,00;0,01;0,01;0,01;
;;;;;;;F7Z0T0;D-alanine aminotransferaseUniRule annotation;A3D7;2,585;+;+;0,02;0,12;0,02;0,05;0,10;0,01;0,03;0,01;0,05;0,00;0,01;0,03;0,03;0,03;0,05;0,01;0,03;0,03;
;;;;;;;C8WVD1;Aminotransferase class IV;A4G1;0,754;-;-;0,02;0,04;0,01;0,05;0,09;0,01;0,01;0,01;0,04;0,01;0,01;0,01;0,00;0,03;0,05;0,01;0,01;0,01;
;;;;;;;E6TZQ3;D-alanine aminotransferaseUniRule annotation;A1E5;1,903;+;+;0,02;0,04;0,01;0,06;0,10;0,01;0,01;0,01;0,05;0,01;0,01;0,01;0,01;0,03;0,05;0,01;0,01;0,01;
;;;;;;;D5DJG2;D-alanine aminotransferaseUniRule annotation;A2G9;4,302;+;+;0,05;0,22;0,05;0,12;0,13;0,04;0,07;0,02;0,07;0,01;0,02;0,06;0,07;0,05;0,07;0,02;0,07;0,06;
;;;;;;;E0SNU7;Branched chain amino acid aminotransferase apoenzyme;A1E3;1,514;-;-;0,01;0,04;0,01;0,05;0,09;0,01;0,01;0,00;0,05;0,00;0,01;0,01;0,01;0,02;0,04;0,00;0,01;0,01;
;;;;;;;Q8ZTE2;Branched-chain amino acid aminotransferase (IlvE);A4B8;3,898;-;-;0,02;0,04;0,02;0,06;0,10;0,02;0,01;0,01;0,06;0,00;0,01;0,01;0,01;0,03;0,05;0,00;0,01;0,01;
;;;;;;;C7NSH9;Branched-chain amino acid aminotransferase;A4F7;3,781;-;-;0,01;0,04;0,02;0,06;0,09;0,02;0,01;0,01;0,05;0,00;0,01;0,01;0,01;0,02;0,05;0,01;0,01;0,01;
;;;;;;;Q5UY65;Branched-chain amino acid aminotransferase;A5E10;3,8;-;-;0,04;0,05;0,03;0,07;0,11;0,03;0,01;0,01;0,05;0,01;0,01;0,01;0,02;0,03;0,06;0,01;0,01;0,01;
;;;;;;;C7NTJ7;Branched-chain amino acid aminotransferase;A4F8;3,219;-;-;0,02;0,04;0,01;0,05;0,09;0,02;0,01;0,01;0,04;0,00;0,01;0,01;0,01;0,02;0,04;0,01;0,01;0,01;
;;;;;;;C7P207;Branched-chain amino acid aminotransferase;A4F9;3,305;-;-;0,02;0,05;0,02;0,06;0,10;0,02;0,01;0,01;0,05;0,01;0,01;0,01;0,01;0,03;0,05;0,01;0,01;0,01;
;;;;;;;Q3IMP9;Branched-chain amino acid aminotransferase;A5E6;3,022;-;-;0,01;0,05;0,02;0,05;0,10;0,01;0,01;0,01;0,04;0,01;0,01;0,01;0,01;0,03;0,05;0,01;0,00;0,01;
;;;;;;;B9LSB2;Branched-chain amino acid aminotransferase;A4E7;2,229;-;-;0,02;0,04;0,02;0,06;0,09;0,02;0,01;0,01;0,05;0,01;0,01;0,01;0,01;0,03;0,05;0,01;0,01;0,01;
;;;;;;;E4NLT4;Branched chain amino acid aminotransferase apoenzyme;A5B4;0,7;-;-;0,01;0,04;0,01;0,04;0,09;0,01;0,01;0,00;0,04;0,00;0,00;0,01;0,01;0,02;0,04;0,00;0,01;0,01;
;;;;;;;Q0AT08;Branched chain amino acid aminotransferase apoenzyme;A5D2;5,908;+;+;0,02;0,12;0,50;0,22;0,43;0,06;0,04;0,50;0,25;-0,01;0,28;0,49;0,22;0,61;0,13;0,00;0,02;0,01;
;;;;;;;E1DHF0;Branched-chain-amino-acid transaminase;A3B1;2,239;+;+;0,01;0,05;0,06;0,09;0,16;0,03;0,01;0,04;0,07;0,00;0,00;0,06;0,01;0,03;0,05;0,00;0,00;0,00;
;;;;;;;P0AB80;Branched-chain-amino-acid aminotransferase (EC:2.6.1.42);A3G2;3,886;+;+;0,02;0,07;2,59;2,97;0,83;3,42;0,08;0,53;0,15;0,00;0,03;0,74;0,09;0,09;0,08;0,01;0,01;0,01;
;;;;;;;Q47UN8;Branched-chain amino acid aminotransferase;A4A6;6,303;+;+;0,03;0,06;1,27;0,62;0,90;0,30;0,10;0,61;0,35;0,00;0,08;0,98;0,22;0,35;0,44;0,02;0,02;0,01;
;;;;;;;A8G0Z4;Branched-chain amino acid aminotransferase;A2B8;2,435;+;+;0,03;0,04;0,39;0,30;0,33;0,29;0,04;0,29;0,18;0,00;0,04;0,29;0,11;0,10;0,08;0,02;0,01;0,01;
;;;;;;;C4LDS0;Branched-chain amino acid aminotransferase;A2E8;5,659;+;+;0,03;0,07;3,76;3,46;1,82;4,83;0,07;2,17;0,82;0,00;0,09;1,00;0,17;0,21;0,13;0,01;0,01;0,01;
;;;;;;;E1SPM7;Branched chain amino acid aminotransferase apoenzyme;A5A9;5,278;+;+;0,02;0,05;0,46;0,22;0,40;0,10;0,03;0,45;0,13;0,00;0,04;0,43;0,14;0,13;0,11;0,01;0,01;0,01;
;;;;;;;E8RRS5;Branched-chain amino acid aminotransferase;A5B9;4,819;+;+;0,02;0,05;0,23;0,27;0,18;0,15;0,06;0,06;0,07;0,00;0,02;0,35;0,03;0,05;0,06;0,01;0,01;0,01;
;;;;;;;A9AZ35;Branched-chain amino acid aminotransferase;A2B12;1,088;+;-;0,02;0,04;0,11;0,10;0,15;0,04;0,01;0,07;0,07;0,00;0,03;0,04;0,02;0,06;0,06;0,01;0,00;0,01;
;;;;;;;A7NJH3;Branched-chain amino acid aminotransferase;A4C12;1,823;+;+;0,02;0,04;0,03;0,06;0,11;0,02;0,01;0,02;0,05;0,00;0,01;0,02;0,01;0,03;0,05;0,01;0,01;0,01;
;;;;;;;I0I1Q8;Branched-chain amino acid aminotransferase;A3E12;0,994;+;+;0,01;0,04;0,01;0,04;0,08;0,01;0,00;0,00;0,04;0,00;0,00;0,01;0,00;0,02;0,04;0,00;0,00;0,00;
;;;;;;;E8V7E6;Branched-chain amino acid aminotransferase;A3C1;1,306;+;-;0,01;0,06;0,32;0,30;0,24;0,18;0,03;0,16;0,09;0,00;0,06;0,05;0,02;0,11;0,06;0,00;0,01;0,00;
;;;;;;;C1F1G6;Branched-chain-amino-acid transaminase;A4F1;4,103;+;+;0,02;0,05;0,36;0,37;0,25;0,25;0,03;0,16;0,08;0,00;0,03;0,03;0,02;0,08;0,06;0,01;0,01;0,01;
;;;;;;;B8G7P2;Branched-chain amino acid aminotransferase;A2D12;2,17;+;+;0,02;0,04;0,35;0,19;0,33;0,15;0,01;0,27;0,07;0,00;0,02;0,08;0,04;0,09;0,06;0,01;0,00;0,01;
;;;;;;;C1AE53;Branched-chain amino-acid aminotransferase;A4E9;2,393;-;-;0,02;0,05;0,39;0,45;0,29;0,50;0,01;0,03;0,07;0,01;0,03;0,23;0,04;0,38;0,07;0,01;0,01;0,01;
;;;;;;;A1BE17;Branched chain amino acid aminotransferase apoenzyme;A1H6;0,012;-;-;0,00;0,04;0,00;0,01;0,03;0,02;0,01;-0,05;0,05;-0,05;-0,01;0,01;0,01;0,01;0,01;0,01;0,01;0,01;
;;;;;;;B3QU05;Branched-chain amino acid aminotransferase;A2C10;3,367;+;+;0,02;0,04;1,07;0,91;0,27;1,69;0,02;0,13;0,08;0,00;0,02;0,13;0,01;0,05;0,06;0,01;0,01;0,01;
;;;;;;;D0MGI8;Branched-chain amino acid aminotransferase;A4G6;2,573;+;+;0,02;0,05;0,07;0,09;0,14;0,04;0,02;0,07;0,06;0,01;0,02;0,03;0,02;0,05;0,05;0,01;0,01;0,01;
;;;;;;;Q2S063;Branched-chain amino acid aminotransferase;A5E1;2,301;-;-;0,01;0,04;0,02;0,05;0,10;0,02;0,01;0,01;0,05;0,00;0,01;0,01;0,01;0,03;0,05;0,01;0,01;0,01;
;;;;;;;D3E0Y3;Branched-chain-amino-acid aminotransferase IlvE;A2G7;2,535;+;+;0,01;0,04;0,04;0,12;0,13;0,04;0,02;0,04;0,06;0,01;0,01;0,03;0,02;0,03;0,05;0,01;0,01;0,01;
;;;;;;;D2ZP30;Branched-chain-amino-acid transaminase;A1D2;2,148;+;+;0,01;0,04;0,04;0,08;0,12;0,04;0,02;0,02;0,05;0,00;0,00;0,03;0,01;0,02;0,04;0,00;0,01;0,01;
;;;;;;;Q2NIA1;IlvE;A1F5;1,52;-;-;0,02;0,04;0,06;0,10;0,11;0,10;0,01;0,02;0,05;0,01;0,01;0,02;0,01;0,03;0,05;0,01;0,01;0,01;
;;;;;;;D9PYT4;Predicted branched-chain-amino-acid aminotransferase;A3A10;1,341;-;-;0,01;0,05;0,01;0,05;0,10;0,01;0,01;0,01;0,05;0,00;0,01;0,01;0,01;0,03;0,05;0,01;0,01;0,01;
;;;;;;;D3F0A5;Branched-chain amino acid aminotransferase;A4G11;2,365;+;+;0,02;0,04;0,05;0,07;0,12;0,02;0,01;0,04;0,06;0,00;0,01;0,07;0,02;0,04;0,05;0,01;0,01;0,01;
;;;;;;;Q0RDJ5;Branched-chain amino-acid aminotransferase;A5D3;0,546;-;-;0,01;0,04;0,01;0,04;0,09;0,01;0,01;0,01;0,04;0,00;0,01;0,01;0,01;0,03;0,04;0,00;0,01;0,01;
;;;;;;;C8WKR3;Branched-chain amino acid aminotransferase;A4F10;4,28;+;+;0,02;0,07;2,23;1,93;1,54;1,83;0,15;1,47;0,09;0,01;0,08;0,26;0,11;0,35;0,06;0,01;0,04;0,01;
;;;;;;;E4UA41;Branched chain amino acid aminotransferase apoenzyme;A5B5;4,951;+;+;0,02;0,06;0,08;0,08;0,15;0,03;0,03;0,11;0,07;0,00;0,04;0,16;0,05;0,11;0,06;0,01;0,01;0,01;
;;;;;;;D7BG68;Branched-chain amino acid aminotransferase;A2H9;3,447;+;+;0,01;0,05;0,07;0,09;0,15;0,03;0,02;0,11;0,08;0,01;0,03;0,02;0,05;0,10;0,06;0,01;0,01;0,01;
;;;;;;;Q72GH8;Branched-chain amino acid aminotransferase;A5F3;3,195;+;+;0,02;0,07;0,18;0,11;0,19;0,05;0,02;0,28;0,07;0,00;0,03;0,07;0,05;0,17;0,38;0,01;0,01;0,01;
;;;;;;;E8N034;Branched-chain amino acid aminotransferase I;A3B10;1,683;+;+;0,01;0,06;0,01;0,05;0,09;0,01;0,01;0,00;0,05;0,00;0,00;0,01;0,01;0,02;0,04;0,00;0,01;0,01;
;;;;;;;E4TXY4;Branched chain amino acid aminotransferase apoenzyme;A3B8;1,884;+;+;0,01;0,06;0,69;0,85;0,70;0,87;0,02;0,36;0,11;0,00;0,03;0,27;0,03;0,11;0,06;0,00;0,02;0,01;
;;;;;;;A7H5A8;Branched-chain amino acid aminotransferase;A1A11;0,032;-;-;-0,01;0,04;-0,01;0,02;0,09;-0,01;0,01;0,00;0,05;-0,01;-0,02;0,01;0,01;0,00;0,03;-0,02;0,01;0,01;
;;;;;;;B9L6G0;Branched-chain amino acid aminotransferase;A1C4;1,871;-;+;0,01;0,04;0,01;0,05;0,09;0,01;0,01;0,00;0,05;0,00;0,00;0,01;0,01;0,02;0,04;0,00;0,01;0,01;
;;;;;;;Q7MAQ7;BRANCHED-CHAIN AMINO ACID AMINOTRANSFERASE;A4B2;3,349;-;-;0,07;0,05;0,04;0,08;0,10;0,05;0,01;0,01;0,05;0,00;0,01;0,06;0,01;0,03;0,05;0,00;0,01;0,01;
;;;;;;;Q2IPU3;Branched chain amino acid aminotransferase apoenzyme;A5H5;4,46;-;-;0,02;0,06;0,27;0,37;0,20;0,35;0,02;0,08;0,08;0,01;0,01;0,03;0,03;0,04;0,07;0,01;0,01;0,01;
;;;;;;;Q13K03;Branched chain amino acid aminotransferase apoenzyme;A5D5;4,978;+;+;0,02;0,05;0,20;0,36;0,22;0,33;0,01;0,07;0,08;0,00;0,01;0,08;0,03;0,03;0,05;0,01;0,01;0,01;
;;;;;;;B2JDD1;Branched-chain amino acid aminotransferase;A4D8;4,569;+;+;0,02;0,14;2,40;2,24;1,83;2,19;0,05;1,45;0,57;0,00;0,08;0,48;0,21;0,25;0,23;0,00;0,02;0,01;
;;;;;;;B7X128;Branched-chain amino acid aminotransferase;A4E2;4,535;+;-;0,06;0,14;1,29;0,87;1,32;0,63;0,05;1,23;0,21;0,00;0,08;0,34;0,15;0,28;0,12;0,01;0,02;0,01;
;;;;;;;Q3SH06;Branched-chain amino acid aminotransferase I;A5E7;5,232;+;+;0,02;0,15;2,80;3,15;2,16;3,45;0,03;2,17;0,70;0,00;0,07;1,04;0,20;0,30;0,29;0,01;0,02;0,01;
;;;;;;;Q7NW96;Branched-chain-amino-acid transaminase;A5F5;3,33;+;+;0,02;0,12;0,23;0,12;0,24;0,07;0,02;0,20;0,08;0,00;0,03;0,46;0,12;0,09;0,07;0,01;0,02;0,01;
;;;;;;;A1WZK0;Branched chain amino acid aminotransferase apoenzyme;A4C5;4,706;-;-;0,02;0,04;0,28;0,32;0,33;0,29;0,01;0,20;0,10;0,00;0,01;0,18;0,04;0,04;0,06;0,01;0,01;0,01;
;;;;;;;Q0A548;Branched chain amino acid aminotransferase apoenzyme;A5C12;2,151;-;-;0,01;0,04;0,02;0,05;0,10;0,01;0,01;0,01;0,05;0,00;0,01;0,01;0,01;0,03;0,05;0,01;0,01;0,01;
;;;;;;;G4SY39;Branched-chain-amino-acid aminotransferase (BCAT);A3E1;1,06;+;+;0,02;0,05;0,02;0,06;0,10;0,02;0,01;0,01;0,04;0,01;0,01;0,04;0,01;0,03;0,05;0,01;0,01;0,01;
;;;;;;;Q3JES7;Branched chain amino acid aminotransferase apoenzyme;A4A5;3,309;+;+;0,02;0,05;0,03;0,07;0,12;0,02;0,01;0,02;0,06;0,00;0,01;0,04;0,01;0,03;0,05;0,01;0,01;0,01;
;;;;;;;D3RV92;Branched-chain amino acid aminotransferase;A4H3;1,959;-;-;0,07;0,04;0,01;0,05;0,09;0,01;0,01;0,01;0,04;0,01;0,01;0,01;0,01;0,03;0,05;0,01;0,01;0,01;
;;;;;;;Q0VM49;Branched-chain amino acid aminotransferase;A3G5;0,021;-;-;-0,04;0,05;-0,04;-0,01;0,04;-0,02;0,01;-0,05;0,04;-0,05;0,03;0,01;0,01;0,05;0,04;0,04;0,01;0,01;
;;;;;;;I3BSY1;Branched chain amino acid aminotransferase apoenzyme;A3F6;2,487;-;-;0,02;0,05;0,02;0,07;0,11;0,02;0,01;0,01;0,05;0,00;0,01;0,02;0,01;0,03;0,05;0,01;0,01;0,01;
;;;;;;;Q31I93;Branched chain amino acid aminotransferase;A3H8;3,361;+;+;0,07;0,07;0,24;0,30;0,27;0,31;0,02;0,19;0,08;0,00;0,01;0,21;0,04;0,03;0,05;0,01;0,01;0,01;
;;;;;;;O86428;Branched-chain-amino-acid aminotransferase (EC:2.6.1.42);A5C11;3,713;-;-;0,02;0,06;0,14;0,16;0,25;0,11;0,01;0,13;0,08;0,00;0,01;0,10;0,03;0,04;0,06;0,01;0,01;0,01;
;;;;;;;B7J566;Branched-chain amino acid aminotransferase;A2D9;2,759;-;+;0,01;0,04;0,13;0,27;0,23;0,28;0,01;0,08;0,09;0,00;0,01;0,04;0,02;0,03;0,05;0,00;0,00;0,01;
;;;;;;;B5YL62;Branched-chain amino acid aminotransferase;A1B10;1,195;-;-;0,01;0,04;0,01;0,05;0,09;0,01;0,01;0,01;0,05;0,00;0,00;0,01;0,01;0,03;0,06;0,00;0,01;0,01;
;;;;;;;D3P9M9;Branched-chain amino acid aminotransferase;A1D4;1,73;-;+;0,01;0,04;0,01;0,05;0,09;0,01;0,01;0,00;0,05;0,00;0,00;0,01;0,01;0,02;0,04;0,00;0,01;0,01;
;;;;;;;F2NEC7;Branched-chain amino acid aminotransferase;A3C6;1,702;+;-;0,01;0,05;0,01;0,05;0,09;0,01;0,01;0,00;0,05;0,00;0,00;0,01;0,01;0,02;0,05;0,00;0,01;0,01;
;;;;;;;C4XU01;Branched-chain-amino-acid aminotransferase;A4F4;1,437;-;-;0,01;0,04;0,02;0,05;0,09;0,02;0,01;0,01;0,04;0,01;0,01;0,01;0,01;0,02;0,04;0,01;0,01;0,01;
;;;;;;;C8X0H7;Branched-chain amino acid aminotransferase;A2F8;3,867;+;+;0,04;0,04;0,18;0,16;0,21;0,14;0,02;0,18;0,06;0,00;0,02;0,17;0,05;0,05;0,06;0,01;0,01;0,01;
;;;;;;;C6BXI7;Branched-chain amino acid aminotransferase;A2F1;1,634;-;-;0,01;0,04;0,01;0,08;0,10;0,01;0,01;0,01;0,05;0,01;0,01;0,01;0,01;0,03;0,05;0,01;0,01;0,01;
;;;;;;;C7LT96;Branched-chain amino acid aminotransferase;A4F5;3,563;+;+;0,02;0,05;0,07;0,09;0,14;0,04;0,01;0,05;0,06;0,00;0,01;0,07;0,02;0,04;0,05;0,01;0,01;0,01;
;;;;;;;Q725L6;Branched-chain amino acid aminotransferase;A5E12;1,533;-;-;0,01;0,03;0,01;0,04;0,09;0,01;0,00;0,00;0,05;0,00;0,00;0,00;0,00;0,02;0,05;0,00;0,00;0,00;
;;;;;;;B8J3Z4;Branched-chain amino acid aminotransferase;A2E2;4,261;+;+;0,02;0,05;1,37;1,42;0,68;1,95;0,05;0,59;0,08;0,00;0,02;0,33;0,03;0,11;0,06;0,01;0,02;0,01;
;;;;;;;F0JG48;Branched-chain amino acid aminotransferase;A5B10;1,019;-;-;0,01;0,04;0,01;0,05;0,09;0,01;0,01;0,00;0,05;0,00;0,00;0,01;0,01;0,02;0,04;0,01;0,01;0,01;
;;;;;;;I3BTS1;Branched chain amino acid aminotransferase apoenzyme;A3F7;2,99;+;-;0,02;0,08;0,73;0,68;0,62;0,59;0,01;0,54;0,09;0,00;0,04;0,09;0,03;0,05;0,07;0,01;0,01;0,01;
;;;;;;;Q21G65;Branched chain amino acid aminotransferase;A3H2;0,661;-;-;0,06;0,05;0,01;0,05;0,09;0,01;0,01;0,01;0,04;0,00;0,00;0,01;0,01;0,03;0,05;0,01;0,01;0,01;
;;;;;;;G8TYN7;Branched chain amino acid aminotransferase apoenzyme;A3E8;3,577;+;+;0,01;0,04;0,01;0,05;0,09;0,01;0,01;0,01;0,05;0,00;0,00;0,01;0,01;0,02;0,05;0,01;0,01;0,01;
;;;;;;;C8WR72;Branched-chain amino acid aminotransferase;A4F11;4,564;+;+;0,01;0,04;0,02;0,06;0,09;0,02;0,01;0,01;0,05;0,00;0,01;0,02;0,01;0,03;0,04;0,00;0,01;0,01;
;;;;;;;C3BIZ6;Branched-chain amino acid aminotransferase;A1C10;-0,031;-;-;0,00;0,04;0,01;0,05;0,09;0,00;0,01;0,00;0,05;0,00;0,00;0,01;0,01;0,02;0,04;0,00;0,01;0,01;
;;;;;;;D5WW52;Branched-chain amino acid aminotransferase;A2H6;3,05;-;+;0,02;0,04;0,02;0,09;0,11;0,02;0,01;0,01;0,06;0,00;0,01;0,01;0,01;0,03;0,05;0,01;0,01;0,01;
;;;;;;;D6XX52;Branched-chain amino acid aminotransferase;A2H8;3,198;-;+;0,01;0,05;0,02;0,08;0,11;0,01;0,01;0,01;0,05;0,00;0,01;0,03;0,03;0,03;0,05;0,01;0,01;0,01;
;;;;;;;E6TUA8;Branched-chain amino acid aminotransferase;A1E4;2,193;-;-;0,01;0,04;0,02;0,06;0,10;0,01;0,01;0,01;0,05;0,00;0,01;0,01;0,02;0,03;0,04;0,00;0,01;0,01;
;;;;;;;I0JL95;Branched-chain amino acid aminotransferase;A3F2;2,582;+;+;0,01;0,06;0,04;0,06;0,12;0,02;0,01;0,03;0,05;0,00;0,02;0,05;0,03;0,04;0,05;0,00;0,01;0,01;
;;;;;;;C3BHX2;Branched-chain amino acid aminotransferase;A1C9;2,952;-;+;0,01;0,04;0,02;0,06;0,10;0,01;0,01;0,01;0,06;0,00;0,01;0,01;0,01;0,04;0,05;0,00;0,01;0,01;
;;;;;;;B7GH15;Branched-chain amino acid aminotransferase;A2D7;6,533;+;+;0,03;0,13;0,64;0,11;0,47;0,35;0,02;0,26;0,14;0,00;0,23;0,09;0,06;0,31;0,11;0,01;0,01;0,01;
;;;;;;;Q65GI4;Branched-chain amino acid aminotransferase;A4A12;3,469;+;+;0,04;0,08;0,54;0,37;0,53;0,40;0,02;0,37;0,12;0,00;0,08;0,08;0,06;0,12;0,07;0,01;0,01;0,01;
;;;;;;;D2R4I1;Branched-chain amino acid aminotransferase;A2G3;3,483;+;+;0,01;0,08;1,96;1,03;1,26;1,48;0,02;1,37;0,06;0,00;0,03;0,28;0,06;0,13;0,13;0,01;0,01;0,01;
;;;;;;;A3ZV31;Branched-chain amino acid aminotransferase;A2A10;0,842;-;-;0,01;0,04;0,03;0,09;0,11;0,03;0,01;0,01;0,05;0,00;0,01;0,01;0,01;0,03;0,05;0,00;0,00;0,01;
;;;;;;;H1N5S4;Deleted;A5C5;4,734;+;+;0,02;0,11;1,18;0,65;0,62;0,31;0,01;0,79;0,07;0,00;0,04;0,34;0,04;0,21;0,17;0,01;0,01;0,01;
;;;;;;;A6C8A1;Branched-chain amino acid aminotransferase;A2B5;2,331;-;+;0,01;0,04;0,13;0,19;0,15;0,24;0,01;0,07;0,06;0,00;0,01;0,03;0,01;0,03;0,05;0,00;0,00;0,01;
;;;;;;;D5SV71;Branched-chain amino acid aminotransferase;A2H4;5,384;+;+;0,02;0,09;1,22;0,71;0,63;1,06;0,02;0,79;0,07;0,00;0,02;0,25;0,06;0,08;0,12;0,01;0,01;0,01;
;;;;;;;F0SK12;Branched chain amino acid aminotransferase apoenzyme;A3C2;2,628;+;+;0,01;0,08;0,75;0,55;0,33;0,55;0,01;0,33;0,05;0,00;0,01;0,21;0,02;0,06;0,08;0,00;0,01;0,00;
;;;;;;;Q7UG48;Putative branched-chain amino acid aminotransferase;A4B3;6,573;+;+;0,02;0,08;1,29;1,12;0,54;1,21;0,02;0,83;0,08;0,00;0,07;0,38;0,05;0,17;0,09;0,01;0,01;0,01;
;;;;;;;B2UQ25;Branched-chain amino acid aminotransferase;A2C6;3,094;+;+;0,02;0,04;0,37;0,71;0,28;0,75;0,01;0,28;0,07;0,00;0,01;0,08;0,02;0,04;0,06;0,01;0,01;0,01;
;;;;;;;D5EHP6;Branched-chain amino acid aminotransferase;A2H1;3,48;+;+;0,01;0,05;0,12;0,12;0,17;0,06;0,01;0,10;0,07;0,00;0,02;0,07;0,04;0,08;0,06;0,01;0,01;0,01;
;;;;;;;B1ZUY6;Branched-chain amino acid aminotransferase;A4D6;1,606;-;-;0,01;0,04;0,01;0,05;0,09;0,02;0,01;0,01;0,05;0,00;0,00;0,01;0,01;0,02;0,04;0,00;0,01;0,01;
;;;;;;;B8E0J3;Branched-chain amino acid aminotransferase;A1C2;1,811;-;-;0,01;0,04;0,01;0,05;0,10;0,01;0,01;0,00;0,05;0,00;0,00;0,01;0,01;0,02;0,04;0,00;0,01;0,01;
;;;;;;;Q8TUX5;Branched-chain amino acid aminotransferase;A5F10;1,304;-;-;0,02;0,06;0,02;0,06;0,11;0,02;0,01;0,01;0,05;0,01;0,01;0,01;0,02;0,03;0,05;0,01;0,01;0,01;
;;;;;;;D1Z234;Branched-chain-amino-acid aminotransferase;A2G2;2,165;-;-;0,02;0,05;0,06;0,14;0,14;0,07;0,01;0,06;0,05;0,00;0,01;0,03;0,02;0,04;0,05;0,01;0,01;0,01;
;;;;;;;A2SQP4;Branched chain amino acid aminotransferase / branched chain amino acid: 2-keto-4-methylthiobutyrate aminotransferase;A2A5;1,562;-;-;0,01;0,04;0,01;0,08;0,10;0,01;0,01;0,00;0,05;0,00;0,00;0,01;0,01;0,03;0,05;0,00;0,00;0,01;
;;;;;;;O29329;Putative branched-chain-amino-acid aminotransferase (EC:2.6.1.42);A3F12;1,901;-;-;0,01;0,04;0,01;0,05;0,08;0,01;0,00;0,00;0,04;0,00;0,00;0,00;0,00;0,02;0,04;0,00;0,00;0,00;
;;;;;;;Q8TI08;Branched chain amino acid aminotransferase;A4B5;3,697;+;+;0,02;0,05;0,30;0,33;0,16;0,25;0,02;0,08;0,05;0,00;0,01;0,18;0,04;0,05;0,04;0,00;0,01;0,01;
;;;;;;;D5E847;Branched chain amino acid aminotransferase apoenzyme;A2G10;1,598;-;-;0,04;0,05;0,09;0,17;0,22;0,09;0,01;0,11;0,05;0,00;0,01;0,05;0,03;0,05;0,06;0,01;0,01;0,01;
;;;;;;;Q12VS7;Branched-chain amino acid aminotransferase;A3G9;1,796;+;+;0,02;0,07;1,32;1,44;0,68;1,16;0,02;0,64;0,05;0,00;0,02;0,31;0,04;0,12;0,07;0,01;0,01;0,01;
;;;;;;;D7EA45;Branched-chain amino acid aminotransferase;A3A4;1,019;+;+;0,01;0,05;0,01;0,05;0,09;0,01;0,01;0,01;0,05;0,00;0,00;0,01;0,01;0,02;0,04;0,00;0,01;0,01;
;;;;;;;F7XL54;Branched-chain amino acid aminotransferase;A3D5;1,434;-;-;0,01;0,05;0,03;0,07;0,11;0,02;0,01;0,03;0,05;0,00;0,01;0,02;0,01;0,03;0,04;0,00;0,01;0,01;
;;;;;;;E1RK48;Branched-chain amino acid aminotransferase;A3B4;1,792;-;-;0,01;0,05;0,04;0,07;0,12;0,04;0,01;0,04;0,05;0,00;0,01;0,02;0,01;0,03;0,04;0,00;0,01;0,00;
;;;;;;;A3CWB2;Branched chain amino acid aminotransferase apoenzyme;A4C6;3,677;-;+;0,02;0,09;1,71;1,98;1,32;1,82;0,02;1,14;0,07;0,00;0,04;0,26;0,06;0,33;0,11;0,01;0,02;0,01;
;;;;;;;B8GFJ6;Branched-chain amino acid aminotransferase;A2E1;1,499;+;+;0,01;0,04;0,25;0,34;0,30;0,36;0,01;0,30;0,05;0,00;0,01;0,04;0,02;0,07;0,06;0,01;0,01;0,01;
;;;;;;;Q2FR97;Branched chain amino acid aminotransferase apoenzyme;A3H3;1,104;-;-;0,02;0,05;0,07;0,11;0,13;0,07;0,01;0,06;0,04;0,00;0,01;0,02;0,01;0,03;0,05;0,01;0,01;0,01;
;;;;;;;A0B8R0;Branched chain amino acid aminotransferase apoenzyme;A1H4;1,624;-;-;0,01;0,03;0,02;0,06;0,09;0,02;0,01;0,01;0,05;0,00;0,01;0,01;0,01;0,03;0,05;0,01;0,01;0,01;
;;;;;;;D5VSZ6;Branched-chain amino acid aminotransferase;A1D10;1,319;-;-;0,01;0,04;0,01;0,05;0,09;0,01;0,01;0,01;0,05;0,00;0,01;0,01;0,01;0,03;0,05;0,01;0,01;0,01;
;;;;;;;G7V896;Branched-chain amino acid aminotransferase;A3E5;1,503;+;+;0,02;0,05;0,01;0,05;0,09;0,01;0,01;0,01;0,05;0,00;0,01;0,02;0,01;0,03;0,05;0,01;0,01;0,01;
;;;;;;;D1B745;Branched-chain amino acid aminotransferase;A4G8;2,586;-;-;0,02;0,04;0,03;0,06;0,11;0,02;0,01;0,03;0,05;0,00;0,02;0,02;0,02;0,05;0,05;0,01;0,01;0,01;
;;;;;;;E3CUD8;Branched chain amino acid aminotransferase apoenzyme;A5B2;4,947;-;-;0,02;0,04;0,03;0,07;0,11;0,03;0,01;0,01;0,05;0,00;0,00;0,02;0,01;0,03;0,05;0,00;0,01;0,01;
;;;;;;;Q8RB89;Branched-chain amino acid aminotransferase/4-amino-4-deoxychorismate lyase;A1G7;1,514;-;-;0,01;0,04;0,04;0,06;0,10;0,02;0,01;0,02;0,05;0,00;0,01;0,01;0,01;0,03;0,05;0,01;0,01;0,01;
;;;;;;;F2JL07;Branched-chain amino acid aminotransferase;A1E6;1,447;-;-;0,02;0,04;0,01;0,06;0,10;0,02;0,01;0,01;0,05;0,01;0,01;0,01;0,02;0,03;0,05;0,01;0,01;0,01;
;;;;;;;A4XHR8;Branched-chain amino acid aminotransferase;A1A5;1,843;-;-;0,01;0,04;0,02;0,07;0,10;0,03;0,01;0,01;0,05;0,00;0,00;0,01;0,01;0,02;0,05;0,00;0,01;0,01;
;;;;;;;F3ZWJ5;Branched chain amino acid aminotransferase apoenzyme;A3C7;2,082;-;-;0,01;0,05;0,01;0,05;0,09;0,01;0,01;0,00;0,05;0,00;0,00;0,01;0,01;0,02;0,04;0,00;0,01;0,01;
;;;;;;;G8TZU5;Branched chain amino acid aminotransferase apoenzyme;A3E9;2,293;-;-;0,02;0,06;0,02;0,06;0,10;0,02;0,01;0,01;0,05;0,00;0,01;0,04;0,03;0,03;0,05;0,01;0,01;0,01;
;;;;;;;C0GI63;Branched-chain amino acid aminotransferase;A2E6;3,105;+;+;0,02;0,18;3,73;0,77;2,54;1,88;0,02;2,54;0,32;0,00;0,29;0,45;0,33;1,33;0,30;0,01;0,02;0,01;
;;;;;;;B8CX16;Branched-chain amino acid aminotransferase;A1B12;2,437;-;+;0,01;0,10;0,80;1,15;0,37;0,74;0,01;0,02;0,42;0,00;0,01;0,03;0,01;0,05;0,07;0,00;0,01;0,01;
;;;;;;;D9QQ02;Branched chain amino acid aminotransferase apoenzyme;A1E1;3,18;+;+;0,02;0,04;0,02;0,06;0,10;0,01;0,01;0,01;0,05;0,00;0,00;0,01;0,01;0,03;0,05;0,00;0,01;0,01;
;;;;;;;G7WH15;Branched-chain amino acid aminotransferase, group I;A1E10;1,821;+;+;0,02;0,05;0,10;0,11;0,17;0,07;0,01;0,07;0,05;0,01;0,02;0,03;0,06;0,04;0,06;0,01;0,01;0,01;
;;;;;;;B8FU94;Branched-chain amino acid aminotransferase;A2D11;3,748;+;+;0,03;0,06;2,56;2,16;1,75;2,35;0,01;1,77;0,08;0,00;0,11;0,15;0,19;0,15;0,07;0,01;0,01;0,01;
;;;;;;;F0T2Q0;Branched chain amino acid aminotransferase apoenzyme;A3C3;1,174;+;+;0,01;0,05;0,04;0,08;0,11;0,05;0,01;0,03;0,05;0,00;0,00;0,02;0,01;0,02;0,04;0,00;0,01;0,01;
;;;;;;;C9RAW4;Branched-chain amino acid aminotransferase;A2F10;2,573;-;+;0,04;0,05;0,06;0,09;0,11;0,02;0,01;0,05;0,06;0,01;0,02;0,03;0,03;0,06;0,07;0,01;0,01;0,01;
;;;;;;;Q3AER1;Branched-chain amino acid aminotransferase;A4A2;3,863;+;+;0,01;0,06;0,21;0,14;0,19;0,10;0,01;0,12;0,06;0,00;0,02;0,09;0,05;0,09;0,07;0,00;0,01;0,00;
;;;;;;;G6I9Q8;Deleted;A3E3;1,714;+;+;0,01;0,05;0,17;0,13;0,15;0,07;0,01;0,11;0,05;0,00;0,01;0,07;0,02;0,04;0,05;0,01;0,01;0,01;
;;;;;;;C8W653;Branched-chain amino acid aminotransferase;A2F7;2,393;-;-;0,02;0,04;0,11;0,11;0,14;0,08;0,01;0,09;0,06;0,00;0,01;0,05;0,02;0,05;0,06;0,01;0,01;0,01;
;;;;;;;F6CJB9;Branched-chain amino acid aminotransferase;A3C12;1,595;+;+;0,02;0,05;0,05;0,06;0,10;0,02;0,01;0,03;0,05;0,00;0,01;0,03;0,02;0,04;0,06;0,01;0,01;0,01;
;;;;;;;A5D4Z0;Branched-chain amino acid aminotransferase/4-amino-4-deoxychorismate lyase;A2B4;1,81;+;+;0,01;0,04;0,08;0,11;0,14;0,06;0,01;0,10;0,06;0,00;0,01;0,02;0,02;0,03;0,06;0,01;0,00;0,01;
;;;;;;;B0TCQ6;Branched-chain amino acid aminotransferase;A2C2;3,107;+;+;0,01;0,04;0,05;0,09;0,12;0,03;0,01;0,05;0,06;0,00;0,01;0,03;0,02;0,03;0,05;0,00;0,00;0,00;
;;;;;;;Q2RG92;Branched chain amino acid aminotransferase apoenzyme;A3H5;1,685;-;-;0,02;0,05;0,04;0,08;0,11;0,04;0,01;0,03;0,05;0,00;0,01;0,03;0,01;0,03;0,05;0,01;0,01;0,01;
;;;;;;;F4LQR0;Branched-chain amino acid aminotransferase;A1E8;1,024;-;-;0,01;0,04;0,03;0,08;0,10;0,05;0,01;0,03;0,04;0,01;0,01;0,02;0,01;0,03;0,05;0,01;0,01;0,00;
;;;;;;;D9S2K8;Branched chain amino acid aminotransferase apoenzyme;A3A11;1,605;-;-;0,01;0,05;0,02;0,06;0,10;0,01;0,01;0,01;0,05;0,00;0,01;0,01;0,01;0,03;0,05;0,01;0,01;0,01;
;;;;;;;D7CJ28;Branched-chain amino acid aminotransferase;A3A2;1,042;-;-;0,01;0,05;0,03;0,06;0,10;0,01;0,01;0,01;0,05;0,00;0,00;0,01;0,01;0,03;0,04;0,00;0,00;0,00;
;;;;;;;Q0AV15;Branched chain amino acid aminotransferase;A3G3;2,556;+;+;0,01;0,07;1,79;1,60;1,08;1,57;0,02;0,98;0,13;0,00;0,06;0,56;0,10;0,46;0,09;0,01;0,01;0,01;
;;;;;;;;;;;;;;;;;;;;;;;;;;;;;;;
;;;;;Cloaca;;1479_3_870;---;A1A1;0,656;-;-;0,01;0,04;0,01;0,05;0,09;0,01;0,01;0,00;0,05;0,00;0,00;0,01;0,01;0,02;0,04;0,00;0,00;0,01;
;;;;;Cloaca;;5344_3_3879;---;A1A2;0,385;-;-;0,01;0,04;0,01;0,05;0,08;0,00;0,01;0,00;0,05;0,00;0,00;0,01;0,01;0,02;0,04;0,00;0,00;0,01;
;;;;;Cloaca;;1135_3_2185;---;A1G9;0,021;-;-;-0,03;0,04;-0,02;0,00;0,07;-0,03;0,01;-0,01;0,05;-0,03;-0,03;0,01;0,01;-0,01;0,03;-0,04;0,01;0,01;
;;;;;Cloaca;;1526_4_3786;---;A1G10;1,381;-;-;0,01;0,04;0,02;0,06;0,09;0,01;0,01;0,01;0,05;0,00;0,01;0,01;0,01;0,03;0,05;0,01;0,01;0,01;
;;;;;Cloaca;;1626_7_7755;---;A1G11;1,987;+;-;0,01;0,04;0,01;0,06;0,09;0,01;0,01;0,00;0,05;0,00;0,00;0,01;0,01;0,02;0,04;0,00;0,01;0,01;
;;;;;Cloaca;;531_11_17002;---;A1G12;1,527;+;+;0,02;0,03;0,01;0,05;0,08;0,01;0,00;0,00;0,04;0,00;0,00;0,00;0,00;0,02;0,07;0,00;0,00;0,00;
;;;;;Cloaca;;711_23_22712;---;A1H1;1,638;+;-;0,02;0,05;0,02;0,05;0,10;0,01;0,01;0,01;0,05;0,00;0,01;0,01;0,01;0,03;0,05;0,01;0,01;0,01;
;;;;;Cloaca;;833_5_2361;---;A1H2;0,021;-;-;-0,02;0,04;-0,01;0,04;0,04;0,02;0,01;-0,04;0,05;-0,06;0,01;0,01;0,01;0,04;0,02;0,03;0,01;0,01;
;;;;;Cloaca;;361_80_80823;---;A4B11;3,824;-;-;0,02;0,04;0,02;0,06;0,10;0,02;0,01;0,01;0,05;0,00;0,00;0,01;0,01;0,03;0,05;0,00;0,01;0,01;
;;;;;Cloaca;;461_190_210889;---;A4B12;1,742;-;-;0,01;0,04;0,01;0,05;0,09;0,01;0,01;0,00;0,05;0,00;0,01;0,01;0,01;0,02;0,05;0,00;0,01;0,01;
;;;;;Cloaca;;6757_5_2494;---;A4C1;1,592;-;-;0,01;0,04;0,01;0,05;0,09;0,01;0,00;0,00;0,05;0,00;0,00;0,00;0,00;0,02;0,04;0,00;0,00;0,00;
;;;;;;;;;;;;;;;;;;;;;;;;;;;;;;;
;;;;;pET;;pET-TAM-1;;---;1,286;;;0,008;0,042;0,011;0,050;0,091;0,009;0,006;0,001;0,049;0,002;0,003;0,006;0,008;0,021;0,040;0,003;0,006;0,007;
;;;;;pET;;pET-TAM-2;;---;2,26;;;0,011;0,037;0,010;0,078;0,095;0,008;0,007;0,003;0,054;0,001;0,003;0,008;0,007;0,024;0,047;0,003;0,003;0,006;
;;;;;pET;;pET-TAM-3;;---;0,897;;;0,014;0,048;0,009;0,047;0,083;0,010;0,007;0,004;0,041;-0,002;0,004;0,006;0,007;0,018;0,041;0,004;0,006;0,006;
;;;;;pET;;pET-TAM-4;;---;2,492;;;0,013;0,043;0,023;0,062;0,092;0,023;0,010;0,015;0,044;-0,001;0,004;0,007;0,006;0,023;0,044;0,004;0,008;0,005;
;;;;;pET;;pET-TAM-5;;---;2,14;;;0,012;0,042;0,014;0,052;0,088;0,014;0,008;0,002;0,050;0,000;0,004;0,007;0,009;0,016;0,044;0,001;0,007;0,006;
;;;;;pET;;pET-TAM-T (Moy);;STOP;STOP;---;---;0,013;0,053;0,014;0,062;0,096;0,014;0,007;0,007;0,052;0,003;0,007;0,007;0,007;0,027;0,050;0,007;0,007;0,006;
;;;;;;;STOP;STOP;STOP;STOP;STOP;STOP;;;;;;;;;;;;;;;;;;;
;;;;;;;Compter le nombre d'occurrences supérieures à :;;;;0;UI/mL;444,00;451,00;444,00;450,00;451,00;446,00;450,00;446,00;451,00;346,00;445,00;450,00;451,00;447,00;450,00;447,00;451,00;450,00;
;;;;;;;"Compter le nombre d'occurrences de série ""D"" supérieures à :";;;;0;UI/mL;21,00;22,00;21,00;22,00;22,00;22,00;21,00;21,00;22,00;17,00;21,00;21,00;22,00;22,00;22,00;22,00;22,00;21,00;
;;;;;;;"Compter le nombre d'occurrences de série ""L"" supérieures à :";;;;0;UI/mL;423,00;429,00;423,00;428,00;429,00;424,00;429,00;425,00;429,00;329,00;424,00;429,00;429,00;425,00;428,00;425,00;429,00;429,00;
;;;;;;;;;;;;;;;;;;;;;;;;;;;;;;;
;;;;;Compter le nombre d'occurrences pour les PSerAT supérieures à :;;;;;;0;UI/mL;53,00;53,00;53,00;53,00;53,00;53,00;53,00;53,00;53,00;43,00;53,00;53,00;53,00;53,00;53,00;53,00;53,00;53,00;
;;;;;Compter le nombre d'occurrences pour les Class V supérieures à :;;;;;;0;UI/mL;83,00;85,00;83,00;85,00;85,00;83,00;85,00;84,00;85,00;70,00;83,00;85,00;85,00;83,00;85,00;83,00;85,00;85,00;
;;;;;Compter le nombre d'occurrences pour les Class I & II supérieures à :;;;;;;0;UI/mL;48,00;48,00;48,00;48,00;48,00;48,00;48,00;48,00;48,00;34,00;48,00;48,00;48,00;48,00;48,00;48,00;48,00;48,00;
;;;;;Compter le nombre d'occurrences pour les AspAT supérieures à :;;;;;;0;UI/mL;31,00;32,00;31,00;32,00;32,00;32,00;32,00;31,00;32,00;21,00;31,00;32,00;32,00;31,00;31,00;31,00;32,00;32,00;
;;;;;Compter le nombre d'occurrences pour les HisPAT supérieures à :;;;;;;0;UI/mL;46,00;46,00;46,00;46,00;46,00;46,00;46,00;46,00;46,00;37,00;46,00;46,00;46,00;46,00;46,00;46,00;46,00;46,00;
;;;;;Compter le nombre d'occurrences pour les Class III supérieures à :;;;;;;0;UI/mL;32,00;32,00;32,00;32,00;32,00;32,00;32,00;32,00;32,00;28,00;32,00;32,00;32,00;32,00;32,00;32,00;32,00;32,00;
;;;;;Compter le nombre d'occurrences pour les D-AT supérieures à :;;;;;;0;UI/mL;21,00;22,00;21,00;22,00;22,00;22,00;21,00;21,00;22,00;17,00;21,00;21,00;22,00;22,00;22,00;22,00;22,00;21,00;
;;;;;Compter le nombre d'occurrences pour les BCAT supérieures à :;;;;;;0;UI/mL;130,00;133,00;130,00;132,00;133,00;130,00;133,00;131,00;133,00;96,00;131,00;133,00;133,00;132,00;133,00;132,00;133,00;133,00;
;;;;;Compter le nombre d'occurrences pour les BCAT (sous-groupe 1) supérieures à :;;;;;;0;UI/mL;66,00;69,00;66,00;68,00;69,00;67,00;69,00;67,00;69,00;50,00;67,00;69,00;69,00;68,00;69,00;68,00;69,00;69,00;
;;;;;Compter le nombre d'occurrences pour les BCAT (sous-groupe 2) supérieures à :;;;;;;0;UI/mL;64,00;64,00;64,00;64,00;64,00;63,00;64,00;64,00;64,00;46,00;64,00;64,00;64,00;64,00;64,00;64,00;64,00;64,00;
;;;;;Compter le nombre d'occurrences pour les Cloaca supérieures à :;;;;;;0;UI/mL;9,00;11,00;9,00;11,00;11,00;10,00;11,00;8,00;11,00;6,00;10,00;11,00;11,00;10,00;11,00;10,00;11,00;11,00;
;;;;;Vérification de la somme des valeurs supérieures à :;;;;;;0;UI/mL;453,00;462,00;453,00;461,00;462,00;456,00;461,00;454,00;462,00;352,00;455,00;461,00;462,00;457,00;461,00;457,00;462,00;461,00;
;;;;;;;;;;;;;;;;;;;;;;;;;;;;;;;
;;;;;;Chercher la  ;;ème valeur d'activité la plus grande pour chaque hit :;;;;UI/mL;#NOMBRE!;#NOMBRE!;#NOMBRE!;#NOMBRE!;#NOMBRE!;#NOMBRE!;#NOMBRE!;#NOMBRE!;#NOMBRE!;#NOMBRE!;#NOMBRE!;#NOMBRE!;#NOMBRE!;#NOMBRE!;#NOMBRE!;#NOMBRE!;#NOMBRE!;#NOMBRE!;
;;;;;;;;;;;;;;;;;;;;;;;;;;;;;;;
;;;;;;;;;;;;;;;;;;;;;;;;;;;;;;;
;;;;;;;;;;;;;;;;;;;;;;;;;;;;;;;
;;;;;;;;;;;;;;;;;;;;;;;;;;;;;;;
;;;;;;;;;;;;;;;;;;;;;;;;;;;;;;;
;;;;;;;;;;;;;;;;;;;;;;;;;;;;;;;
;;;;;;;;;;;;;;;;;;;;;;;;;;;;;;;
;;;;;;;;;;;;;;;;;;;;;;;;;;;;;;;
;;;;;;;;;;;;;;;;;;;;;;;;;;;;;;;
;;;;;;;;;;;;;;;;;;;;;;;;;;;;;;;
;;;;;;;;;;;;;;;;;;;;;;;;;;;;;;;
;;;;;;;;;;;;;;;;;;;;;;;;;;;;;;;
;;;;;;;;;;;;;;;;;;;;;;;;;;;;;;;
;;;;;;;;;;;;;;;;;;;;;;;;;;;;;;;
;;;;;;;;;;;;;;;;;;;;;;;;;;;;;;;
;;;;;;;;;;;;;;;;;;;;;;;;;;;;;;;
;;;;;;;;;;;;;;;;;;;;;;;;;;;;;;;
;;;;;;;;;;;;;;;;;;;;;;;;;;;;;;;
;;;;;;;;;;;;;;;;;;;;;;;;;;;;;;;
;;;;;;;;;;;;;;;;;;;;;;;;;;;;;;;
;;;;;;;;;;;;;;;;;;;;;;;;;;;;;;;
;;;;;;;;;;;;;;;;;;;;;;;;;;;;;;;
;;;;;;;;;;;;;;;;;;;;;;;;;;;;;;;
;;;;;;;;;;;;;;;;;;;;;;;;;;;;;;;
;;;;;;;;;;;;;;;;;;;;;;;;;;;;;;;
;;;;;;;;;;;;;;;;;;;;;;;;;;;;;;;
;;;;;;;;;;;;;;;;;;;;;;;;;;;;;;;
;;;;;;;;;;;;;;;;;;;;;;;;;;;;;;;
;;;;;;;;;;;;;;;;;;;;;;;;;;;;;;;
;;;;;;;;;;;;;;;;;;;;;;;;;;;;;;;
;;;;;;;;;;;;;;;;;;;;;;;;;;;;;;;
;;;;;;;;;;;;;;;;;;;;;;;;;;;;;;;
;;;;;;;;;;;;;;;;;;;;;;;;;;;;;;;
;;;;;;;;;;;;;;;;;;;;;;;;;;;;;;;
;;;;;;;;;;;;;;;;;;;;;;;;;;;;;;;
;;;;;;;;;;;;;;;;;;;;;;;;;;;;;;;
;;;;;;;;;;;;;;;;;;;;;;;;;;;;;;;
;;;;;;;;;;;;;;;;;;;;;;;;;;;;;;;
;;;;;;;;;;;;;;;;;;;;;;;;;;;;;;;
;;;;;;;;;;;;;;;;;;;;;;;;;;;;;;;
;;;;;;;;;;;;;;;;;;;;;;;;;;;;;;;
;;;;;;;;;;;;;;;;;;;;;;;;;;;;;;;
;;;;;;;;;;;;;;;;;;;;;;;;;;;;;;;
;;;;;;;;;;;;;;;;;;;;;;;;;;;;;;;
;;;;;;;;;;;;;;;;;;;;;;;;;;;;;;;
;;;;;;;;;;;;;;;;;;;;;;;;;;;;;;;
;;;;;;;;;;;;;;;;;;;;;;;;;;;;;;;
;;;;;;;;;;;;;;;;;;;;;;;;;;;;;;;
;;;;;;;;;;;;;;;;;;;;;;;;;;;;;;;
;;;;;;;;;;;;;;;;;;;;;;;;;;;;;;;
;;;;;;;;;;;;;;;;;;;;;;;;;;;;;;;
;;;;;;;;;;;;;;;;;;;;;;;;;;;;;;;
;;;;;;;;;;;;;;;;;;;;;;;;;;;;;;;
;;;;;;;;;;;;;;;;;;;;;;;;;;;;;;;
;;;;;;;;;;;;;;;;;;;;;;;;;;;;;;;
;;;;;;;;;;;;;;;;;;;;;;;;;;;;;;;
;;;;;;;;;;;;;;;;;;;;;;;;;;;;;;;
;;;;;;;;;;;;;;;;;;;;;;;;;;;;;;;
;;;;;;;;;;;;;;;;;;;;;;;;;;;;;;;
;;;;;;;;;;;;;;;;;;;;;;;;;;;;;;;
;;;;;;;;;;;;;;;;;;;;;;;;;;;;;;;
;;;;;;;;;;;;;;;;;;;;;;;;;;;;;;;
;;;;;;;;;;;;;;;;;;;;;;;;;;;;;;;
;;;;;;;;;;;;;;;;;;;;;;;;;;;;;;;
;;;;;;;;;;;;;;;;;;;;;;;;;;;;;;;
;;;;;;;;;;;;;;;;;;;;;;;;;;;;;;;
;;;;;;;;;;;;;;;;;;;;;;;;;;;;;;;
;;;;;;;;;;;;;;;;;;;;;;;;;;;;;;;
;;;;;;;;;;;;;;;;;;;;;;;;;;;;;;;
;;;;;;;;;;;;;;;;;;;;;;;;;;;;;;;
;;;;;;;;;;;;;;;;;;;;;;;;;;;;;;;
;;;;;;;;;;;;;;;;;;;;;;;;;;;;;;;
;;;;;;;;;;;;;;;;;;;;;;;;;;;;;;;
;;;;;;;;;;;;;;;;;;;;;;;;;;;;;;;
;;;;;;;;;;;;;;;;;;;;;;;;;;;;;;;
;;;;;;;;;;;;;;;;;;;;;;;;;;;;;;;
;;;;;;;;;;;;;;;;;;;;;;;;;;;;;;;
;;;;;;;;;;;;;;;;;;;;;;;;;;;;;;;
;;;;;;;;;;;;;;;;;;;;;;;;;;;;;;;
;;;;;;;;;;;;;;;;;;;;;;;;;;;;;;;
;;;;;;;;;;;;;;;;;;;;;;;;;;;;;;;
;;;;;;;;;;;;;;;;;;;;;;;;;;;;;;;
;;;;;;;;;;;;;;;;;;;;;;;;;;;;;;;
;;;;;;;;;;;;;;;;;;;;;;;;;;;;;;;
;;;;;;;;;;;;;;;;;;;;;;;;;;;;;;;
;;;;;;;;;;;;;;;;;;;;;;;;;;;;;;;
;;;;;;;;;;;;;;;;;;;;;;;;;;;;;;;
;;;;;;;;;;;;;;;;;;;;;;;;;;;;;;;
;;;;;;;;;;;;;;;;;;;;;;;;;;;;;;;
;;;;;;;;;;;;;;;;;;;;;;;;;;;;;;;
;;;;;;;;;;;;;;;;;;;;;;;;;;;;;;;
;;;;;;;;;;;;;;;;;;;;;;;;;;;;;;;
;;;;;;;;;;;;;;;;;;;;;;;;;;;;;;;
;;;;;;;;;;;;;;;;;;;;;;;;;;;;;;;
;;;;;;;;;;;;;;;;;;;;;;;;;;;;;;;
;;;;;;;;;;;;;;;;;;;;;;;;;;;;;;;
;;;;;;;;;;;;;;;;;;;;;;;;;;;;;;;
;;;;;;;;;;;;;;;;;;;;;;;;;;;;;;;
;;;;;;;;;;;;;;;;;;;;;;;;;;;;;;;
;;;;;;;;;;;;;;;;;;;;;;;;;;;;;;;
;;;;;;;;;;;;;;;;;;;;;;;;;;;;;;;
;;;;;;;;;;;;;;;;;;;;;;;;;;;;;;;
;;;;;;;;;;;;;;;;;;;;;;;;;;;;;;;
;;;;;;;;;;;;;;;;;;;;;;;;;;;;;;;
;;;;;;;;;;;;;;;;;;;;;;;;;;;;;;;
;;;;;;;;;;;;;;;;;;;;;;;;;;;;;;;
;;;;;;;;;;;;;;;;;;;;;;;;;;;;;;;
;;;;;;;;;;;;;;;;;;;;;;;;;;;;;;;
;;;;;;;;;;;;;;;;;;;;;;;;;;;;;;;
;;;;;;;;;;;;;;;;;;;;;;;;;;;;;;;
;;;;;;;;;;;;;;;;;;;;;;;;;;;;;;;
;;;;;;;;;;;;;;;;;;;;;;;;;;;;;;;
;;;;;;;;;;;;;;;;;;;;;;;;;;;;;;;
;;;;;;;;;;;;;;;;;;;;;;;;;;;;;;;
;;;;;;;;;;;;;;;;;;;;;;;;;;;;;;;
;;;;;;;;;;;;;;;;;;;;;;;;;;;;;;;
;;;;;;;;;;;;;;;;;;;;;;;;;;;;;;;
;;;;;;;;;;;;;;;;;;;;;;;;;;;;;;;
;;;;;;;;;;;;;;;;;;;;;;;;;;;;;;;
;;;;;;;;;;;;;;;;;;;;;;;;;;;;;;;
;;;;;;;;;;;;;;;;;;;;;;;;;;;;;;;
;;;;;;;;;;;;;;;;;;;;;;;;;;;;;;;
;;;;;;;;;;;;;;;;;;;;;;;;;;;;;;;
;;;;;;;;;;;;;;;;;;;;;;;;;;;;;;;
;;;;;;;;;;;;;;;;;;;;;;;;;;;;;;;
;;;;;;;;;;;;;;;;;;;;;;;;;;;;;;;
;;;;;;;;;;;;;;;;;;;;;;;;;;;;;;;
;;;;;;;;;;;;;;;;;;;;;;;;;;;;;;;
;;;;;;;;;;;;;;;;;;;;;;;;;;;;;;;
;;;;;;;;;;;;;;;;;;;;;;;;;;;;;;;
;;;;;;;;;;;;;;;;;;;;;;;;;;;;;;;
;;;;;;;;;;;;;;;;;;;;;;;;;;;;;;;
;;;;;;;;;;;;;;;;;;;;;;;;;;;;;;;
;;;;;;;;;;;;;;;;;;;;;;;;;;;;;;;
;;;;;;;;;;;;;;;;;;;;;;;;;;;;;;;
;;;;;;;;;;;;;;;;;;;;;;;;;;;;;;;
;;;;;;;;;;;;;;;;;;;;;;;;;;;;;;;
;;;;;;;;;;;;;;;;;;;;;;;;;;;;;;;
;;;;;;;;;;;;;;;;;;;;;;;;;;;;;;;
;;;;;;;;;;;;;;;;;;;;;;;;;;;;;;;
;;;;;;;;;;;;;;;;;;;;;;;;;;;;;;;
;;;;;;;;;;;;;;;;;;;;;;;;;;;;;;;
;;;;;;;;;;;;;;;;;;;;;;;;;;;;;;;
;;;;;;;;;;;;;;;;;;;;;;;;;;;;;;;
;;;;;;;;;;;;;;;;;;;;;;;;;;;;;;;
;;;;;;;;;;;;;;;;;;;;;;;;;;;;;;;
;;;;;;;;;;;;;;;;;;;;;;;;;;;;;;;
;;;;;;;;;;;;;;;;;;;;;;;;;;;;;;;
;;;;;;;;;;;;;;;;;;;;;;;;;;;;;;;
;;;;;;;;;;;;;;;;;;;;;;;;;;;;;;;
;;;;;;;;;;;;;;;;;;;;;;;;;;;;;;;
;;;;;;;;;;;;;;;;;;;;;;;;;;;;;;;
;;;;;;;;;;;;;;;;;;;;;;;;;;;;;;;
;;;;;;;;;;;;;;;;;;;;;;;;;;;;;;;
;;;;;;;;;;;;;;;;;;;;;;;;;;;;;;;
;;;;;;;;;;;;;;;;;;;;;;;;;;;;;;;
;;;;;;;;;;;;;;;;;;;;;;;;;;;;;;;
;;;;;;;;;;;;;;;;;;;;;;;;;;;;;;;
;;;;;;;;;;;;;;;;;;;;;;;;;;;;;;;
;;;;;;;;;;;;;;;;;;;;;;;;;;;;;;;
;;;;;;;;;;;;;;;;;;;;;;;;;;;;;;;
;;;;;;;;;;;;;;;;;;;;;;;;;;;;;;;
;;;;;;;;;;;;;;;;;;;;;;;;;;;;;;;
;;;;;;;;;;;;;;;;;;;;;;;;;;;;;;;
;;;;;;;;;;;;;;;;;;;;;;;;;;;;;;;
;;;;;;;;;;;;;;;;;;;;;;;;;;;;;;;
;;;;;;;;;;;;;;;;;;;;;;;;;;;;;;;
;;;;;;;;;;;;;;;;;;;;;;;;;;;;;;;
;;;;;;;;;;;;;;;;;;;;;;;;;;;;;;;
;;;;;;;;;;;;;;;;;;;;;;;;;;;;;;;
;;;;;;;;;;;;;;;;;;;;;;;;;;;;;;;
;;;;;;;;;;;;;;;;;;;;;;;;;;;;;;;
;;;;;;;;;;;;;;;;;;;;;;;;;;;;;;;
;;;;;;;;;;;;;;;;;;;;;;;;;;;;;;;
;;;;;;;;;;;;;;;;;;;;;;;;;;;;;;;
;;;;;;;;;;;;;;;;;;;;;;;;;;;;;;;
;;;;;;;;;;;;;;;;;;;;;;;;;;;;;;;
;;;;;;;;;;;;;;;;;;;;;;;;;;;;;;;
;;;;;;;;;;;;;;;;;;;;;;;;;;;;;;;
;;;;;;;;;;;;;;;;;;;;;;;;;;;;;;;
;;;;;;;;;;;;;;;;;;;;;;;;;;;;;;;
;;;;;;;;;;;;;;;;;;;;;;;;;;;;;;;
;;;;;;;;;;;;;;;;;;;;;;;;;;;;;;;
;;;;;;;;;;;;;;;;;;;;;;;;;;;;;;;
;;;;;;;;;;;;;;;;;;;;;;;;;;;;;;;
;;;;;;;;;;;;;;;;;;;;;;;;;;;;;;;
;;;;;;;;;;;;;;;;;;;;;;;;;;;;;;;
;;;;;;;;;;;;;;;;;;;;;;;;;;;;;;;
;;;;;;;;;;;;;;;;;;;;;;;;;;;;;;;
;;;;;;;;;;;;;;;;;;;;;;;;;;;;;;;
;;;;;;;;;;;;;;;;;;;;;;;;;;;;;;;
;;;;;;;;;;;;;;;;;;;;;;;;;;;;;;;
;;;;;;;;;;;;;;;;;;;;;;;;;;;;;;;
;;;;;;;;;;;;;;;;;;;;;;;;;;;;;;;
;;;;;;;;;;;;;;;;;;;;;;;;;;;;;;;
;;;;;;;;;;;;;;;;;;;;;;;;;;;;;;;
;;;;;;;;;;;;;;;;;;;;;;;;;;;;;;;
;;;;;;;;;;;;;;;;;;;;;;;;;;;;;;;
;;;;;;;;;;;;;;;;;;;;;;;;;;;;;;;
;;;;;;;;;;;;;;;;;;;;;;;;;;;;;;;
;;;;;;;;;;;;;;;;;;;;;;;;;;;;;;;
;;;;;;;;;;;;;;;;;;;;;;;;;;;;;;;
;;;;;;;;;;;;;;;;;;;;;;;;;;;;;;;
;;;;;;;;;;;;;;;;;;;;;;;;;;;;;;;
;;;;;;;;;;;;;;;;;;;;;;;;;;;;;;;
;;;;;;;;;;;;;;;;;;;;;;;;;;;;;;;
;;;;;;;;;;;;;;;;;;;;;;;;;;;;;;;
;;;;;;;;;;;;;;;;;;;;;;;;;;;;;;;
;;;;;;;;;;;;;;;;;;;;;;;;;;;;;;;
;;;;;;;;;;;;;;;;;;;;;;;;;;;;;;;
;;;;;;;;;;;;;;;;;;;;;;;;;;;;;;;
;;;;;;;;;;;;;;;;;;;;;;;;;;;;;;;
;;;;;;;;;;;;;;;;;;;;;;;;;;;;;;;
;;;;;;;;;;;;;;;;;;;;;;;;;;;;;;;
;;;;;;;;;;;;;;;;;;;;;;;;;;;;;;;
;;;;;;;;;;;;;;;;;;;;;;;;;;;;;;;
;;;;;;;;;;;;;;;;;;;;;;;;;;;;;;;
;;;;;;;;;;;;;;;;;;;;;;;;;;;;;;;
;;;;;;;;;;;;;;;;;;;;;;;;;;;;;;;
;;;;;;;;;;;;;;;;;;;;;;;;;;;;;;;
;;;;;;;;;;;;;;;;;;;;;;;;;;;;;;;
;;;;;;;;;;;;;;;;;;;;;;;;;;;;;;;
;;;;;;;;;;;;;;;;;;;;;;;;;;;;;;;
;;;;;;;;;;;;;;;;;;;;;;;;;;;;;;;
;;;;;;;;;;;;;;;;;;;;;;;;;;;;;;;
;;;;;;;;;;;;;;;;;;;;;;;;;;;;;;;
;;;;;;;;;;;;;;;;;;;;;;;;;;;;;;;
;;;;;;;;;;;;;;;;;;;;;;;;;;;;;;;
;;;;;;;;;;;;;;;;;;;;;;;;;;;;;;;
;;;;;;;;;;;;;;;;;;;;;;;;;;;;;;;
;;;;;;;;;;;;;;;;;;;;;;;;;;;;;;;
;;;;;;;;;;;;;;;;;;;;;;;;;;;;;;;
;;;;;;;;;;;;;;;;;;;;;;;;;;;;;;;
;;;;;;;;;;;;;;;;;;;;;;;;;;;;;;;
;;;;;;;;;;;;;;;;;;;;;;;;;;;;;;;
;;;;;;;;;;;;;;;;;;;;;;;;;;;;;;;
;;;;;;;;;;;;;;;;;;;;;;;;;;;;;;;
;;;;;;;;;;;;;;;;;;;;;;;;;;;;;;;
;;;;;;;;;;;;;;;;;;;;;;;;;;;;;;;
;;;;;;;;;;;;;;;;;;;;;;;;;;;;;;;
;;;;;;;;;;;;;;;;;;;;;;;;;;;;;;;
;;;;;;;;;;;;;;;;;;;;;;;;;;;;;;;
;;;;;;;;;;;;;;;;;;;;;;;;;;;;;;;
;;;;;;;;;;;;;;;;;;;;;;;;;;;;;;;
;;;;;;;;;;;;;;;;;;;;;;;;;;;;;;;
;;;;;;;;;;;;;;;;;;;;;;;;;;;;;;;
;;;;;;;;;;;;;;;;;;;;;;;;;;;;;;;
;;;;;;;;;;;;;;;;;;;;;;;;;;;;;;;
;;;;;;;;;;;;;;;;;;;;;;;;;;;;;;;
;;;;;;;;;;;;;;;;;;;;;;;;;;;;;;;
;;;;;;;;;;;;;;;;;;;;;;;;;;;;;;;
;;;;;;;;;;;;;;;;;;;;;;;;;;;;;;;
;;;;;;;;;;;;;;;;;;;;;;;;;;;;;;;
;;;;;;;;;;;;;;;;;;;;;;;;;;;;;;;
;;;;;;;;;;;;;;;;;;;;;;;;;;;;;;;
;;;;;;;;;;;;;;;;;;;;;;;;;;;;;;;
;;;;;;;;;;;;;;;;;;;;;;;;;;;;;;;
;;;;;;;;;;;;;;;;;;;;;;;;;;;;;;;
;;;;;;;;;;;;;;;;;;;;;;;;;;;;;;;
;;;;;;;;;;;;;;;;;;;;;;;;;;;;;;;
;;;;;;;;;;;;;;;;;;;;;;;;;;;;;;;
;;;;;;;;;;;;;;;;;;;;;;;;;;;;;;;
;;;;;;;;;;;;;;;;;;;;;;;;;;;;;;;
;;;;;;;;;;;;;;;;;;;;;;;;;;;;;;;
;;;;;;;;;;;;;;;;;;;;;;;;;;;;;;;
;;;;;;;;;;;;;;;;;;;;;;;;;;;;;;;
;;;;;;;;;;;;;;;;;;;;;;;;;;;;;;;
;;;;;;;;;;;;;;;;;;;;;;;;;;;;;;;
;;;;;;;;;;;;;;;;;;;;;;;;;;;;;;;
;;;;;;;;;;;;;;;;;;;;;;;;;;;;;;;
;;;;;;;;;;;;;;;;;;;;;;;;;;;;;;;
;;;;;;;;;;;;;;;;;;;;;;;;;;;;;;;
;;;;;;;;;;;;;;;;;;;;;;;;;;;;;;;
;;;;;;;;;;;;;;;;;;;;;;;;;;;;;;;
;;;;;;;;;;;;;;;;;;;;;;;;;;;;;;;
;;;;;;;;;;;;;;;;;;;;;;;;;;;;;;;
;;;;;;;;;;;;;;;;;;;;;;;;;;;;;;;
;;;;;;;;;;;;;;;;;;;;;;;;;;;;;;;
;;;;;;;;;;;;;;;;;;;;;;;;;;;;;;;
;;;;;;;;;;;;;;;;;;;;;;;;;;;;;;;
;;;;;;;;;;;;;;;;;;;;;;;;;;;;;;;
;;;;;;;;;;;;;;;;;;;;;;;;;;;;;;;
;;;;;;;;;;;;;;;;;;;;;;;;;;;;;;;
;;;;;;;;;;;;;;;;;;;;;;;;;;;;;;;
;;;;;;;;;;;;;;;;;;;;;;;;;;;;;;;
;;;;;;;;;;;;;;;;;;;;;;;;;;;;;;;
;;;;;;;;;;;;;;;;;;;;;;;;;;;;;;;
;;;;;;;;;;;;;;;;;;;;;;;;;;;;;;;
;;;;;;;;;;;;;;;;;;;;;;;;;;;;;;;
;;;;;;;;;;;;;;;;;;;;;;;;;;;;;;;
;;;;;;;;;;;;;;;;;;;;;;;;;;;;;;;
;;;;;;;;;;;;;;;;;;;;;;;;;;;;;;;
;;;;;;;;;;;;;;;;;;;;;;;;;;;;;;;
;;;;;;;;;;;;;;;;;;;;;;;;;;;;;;;
;;;;;;;;;;;;;;;;;;;;;;;;;;;;;;;
;;;;;;;;;;;;;;;;;;;;;;;;;;;;;;;
;;;;;;;;;;;;;;;;;;;;;;;;;;;;;;;
;;;;;;;;;;;;;;;;;;;;;;;;;;;;;;;
;;;;;;;;;;;;;;;;;;;;;;;;;;;;;;;
;;;;;;;;;;;;;;;;;;;;;;;;;;;;;;;
;;;;;;;;;;;;;;;;;;;;;;;;;;;;;;;
;;;;;;;;;;;;;;;;;;;;;;;;;;;;;;;
;;;;;;;;;;;;;;;;;;;;;;;;;;;;;;;
;;;;;;;;;;;;;;;;;;;;;;;;;;;;;;;
;;;;;;;;;;;;;;;;;;;;;;;;;;;;;;;
;;;;;;;;;;;;;;;;;;;;;;;;;;;;;;;
;;;;;;;;;;;;;;;;;;;;;;;;;;;;;;;
;;;;;;;;;;;;;;;;;;;;;;;;;;;;;;;
;;;;;;;;;;;;;;;;;;;;;;;;;;;;;;;
;;;;;;;;;;;;;;;;;;;;;;;;;;;;;;;
;;;;;;;;;;;;;;;;;;;;;;;;;;;;;;;
;;;;;;;;;;;;;;;;;;;;;;;;;;;;;;;
;;;;;;;;;;;;;;;;;;;;;;;;;;;;;;;
;;;;;;;;;;;;;;;;;;;;;;;;;;;;;;;
;;;;;;;;;;;;;;;;;;;;;;;;;;;;;;;
;;;;;;;;;;;;;;;;;;;;;;;;;;;;;;;
;;;;;;;;;;;;;;;;;;;;;;;;;;;;;;;
;;;;;;;;;;;;;;;;;;;;;;;;;;;;;;;
;;;;;;;;;;;;;;;;;;;;;;;;;;;;;;;
;;;;;;;;;;;;;;;;;;;;;;;;;;;;;;;
;;;;;;;;;;;;;;;;;;;;;;;;;;;;;;;
;;;;;;;;;;;;;;;;;;;;;;;;;;;;;;;
;;;;;;;;;;;;;;;;;;;;;;;;;;;;;;;
;;;;;;;;;;;;;;;;;;;;;;;;;;;;;;;
;;;;;;;;;;;;;;;;;;;;;;;;;;;;;;;
;;;;;;;;;;;;;;;;;;;;;;;;;;;;;;;
;;;;;;;;;;;;;;;;;;;;;;;;;;;;;;;
;;;;;;;;;;;;;;;;;;;;;;;;;;;;;;;
;;;;;;;;;;;;;;;;;;;;;;;;;;;;;;;
;;;;;;;;;;;;;;;;;;;;;;;;;;;;;;;
;;;;;;;;;;;;;;;;;;;;;;;;;;;;;;;
;;;;;;;;;;;;;;;;;;;;;;;;;;;;;;;
;;;;;;;;;;;;;;;;;;;;;;;;;;;;;;;
;;;;;;;;;;;;;;;;;;;;;;;;;;;;;;;
;;;;;;;;;;;;;;;;;;;;;;;;;;;;;;;
;;;;;;;;;;;;;;;;;;;;;;;;;;;;;;;
;;;;;;;;;;;;;;;;;;;;;;;;;;;;;;;
;;;;;;;;;;;;;;;;;;;;;;;;;;;;;;;
;;;;;;;;;;;;;;;;;;;;;;;;;;;;;;;
;;;;;;;;;;;;;;;;;;;;;;;;;;;;;;;
;;;;;;;;;;;;;;;;;;;;;;;;;;;;;;;
;;;;;;;;;;;;;;;;;;;;;;;;;;;;;;;
;;;;;;;;;;;;;;;;;;;;;;;;;;;;;;;
;;;;;;;;;;;;;;;;;;;;;;;;;;;;;;;
;;;;;;;;;;;;;;;;;;;;;;;;;;;;;;;
;;;;;;;;;;;;;;;;;;;;;;;;;;;;;;;
;;;;;;;;;;;;;;;;;;;;;;;;;;;;;;;
;;;;;;;;;;;;;;;;;;;;;;;;;;;;;;;
;;;;;;;;;;;;;;;;;;;;;;;;;;;;;;;
;;;;;;;;;;;;;;;;;;;;;;;;;;;;;;;
;;;;;;;;;;;;;;;;;;;;;;;;;;;;;;;
;;;;;;;;;;;;;;;;;;;;;;;;;;;;;;;
;;;;;;;;;;;;;;;;;;;;;;;;;;;;;;;
;;;;;;;;;;;;;;;;;;;;;;;;;;;;;;;
;;;;;;;;;;;;;;;;;;;;;;;;;;;;;;;
;;;;;;;;;;;;;;;;;;;;;;;;;;;;;;;
;;;;;;;;;;;;;;;;;;;;;;;;;;;;;;;
;;;;;;;;;;;;;;;;;;;;;;;;;;;;;;;
;;;;;;;;;;;;;;;;;;;;;;;;;;;;;;;
;;;;;;;;;;;;;;;;;;;;;;;;;;;;;;;
;;;;;;;;;;;;;;;;;;;;;;;;;;;;;;;
;;;;;;;;;;;;;;;;;;;;;;;;;;;;;;;
;;;;;;;;;;;;;;;;;;;;;;;;;;;;;;;
;;;;;;;;;;;;;;;;;;;;;;;;;;;;;;;
;;;;;;;;;;;;;;;;;;;;;;;;;;;;;;;
;;;;;;;;;;;;;;;;;;;;;;;;;;;;;;;
;;;;;;;;;;;;;;;;;;;;;;;;;;;;;;;
;;;;;;;;;;;;;;;;;;;;;;;;;;;;;;;
;;;;;;;;;;;;;;;;;;;;;;;;;;;;;;;
;;;;;;;;;;;;;;;;;;;;;;;;;;;;;;;
;;;;;;;;;;;;;;;;;;;;;;;;;;;;;;;
;;;;;;;;;;;;;;;;;;;;;;;;;;;;;;;
;;;;;;;;;;;;;;;;;;;;;;;;;;;;;;;
;;;;;;;;;;;;;;;;;;;;;;;;;;;;;;;
;;;;;;;;;;;;;;;;;;;;;;;;;;;;;;;
;;;;;;;;;;;;;;;;;;;;;;;;;;;;;;;
;;;;;;;;;;;;;;;;;;;;;;;;;;;;;;;
;;;;;;;;;;;;;;;;;;;;;;;;;;;;;;;
;;;;;;;;;;;;;;;;;;;;;;;;;;;;;;;
;;;;;;;;;;;;;;;;;;;;;;;;;;;;;;;
;;;;;;;;;;;;;;;;;;;;;;;;;;;;;;;
;;;;;;;;;;;;;;;;;;;;;;;;;;;;;;;
;;;;;;;;;;;;;;;;;;;;;;;;;;;;;;;
;;;;;;;;;;;;;;;;;;;;;;;;;;;;;;;
;;;;;;;;;;;;;;;;;;;;;;;;;;;;;;;
;;;;;;;;;;;;;;;;;;;;;;;;;;;;;;;
;;;;;;;;;;;;;;;;;;;;;;;;;;;;;;;
;;;;;;;;;;;;;;;;;;;;;;;;;;;;;;;
;;;;;;;;;;;;;;;;;;;;;;;;;;;;;;;
;;;;;;;;;;;;;;;;;;;;;;;;;;;;;;;
;;;;;;;;;;;;;;;;;;;;;;;;;;;;;;;
;;;;;;;;;;;;;;;;;;;;;;;;;;;;;;;
;;;;;;;;;;;;;;;;;;;;;;;;;;;;;;;
;;;;;;;;;;;;;;;;;;;;;;;;;;;;;;;
;;;;;;;;;;;;;;;;;;;;;;;;;;;;;;;
;;;;;;;;;;;;;;;;;;;;;;;;;;;;;;;
;;;;;;;;;;;;;;;;;;;;;;;;;;;;;;;
;;;;;;;;;;;;;;;;;;;;;;;;;;;;;;;
